filename,filepath,n_faces,label,prediction,latency_ms
file3662.jpg,/mnt/hdd/projects/smile_detection/data/processed/non_smile/file3662.jpg,1,0,0,3.305819001980126
file3542.jpg,/mnt/hdd/projects/smile_detection/data/processed/non_smile/file3542.jpg,1,0,0,2.707906998693943
file1979.jpg,/mnt/hdd/projects/smile_detection/data/processed/smile/file1979.jpg,1,1,1,2.7056319995608646
file1902.jpg,/mnt/hdd/projects/smile_detection/data/processed/smile/file1902.jpg,1,1,1,2.936196000518976
file0120.jpg,/mnt/hdd/projects/smile_detection/data/processed/smile/file0120.jpg,1,1,1,2.77379699764424
file3839.jpg,/mnt/hdd/projects/smile_detection/data/processed/non_smile/file3839.jpg,1,0,0,2.763075000984827
file2736.jpg,/mnt/hdd/projects/smile_detection/data/processed/non_smile/file2736.jpg,1,0,0,2.697469997656299
file0892.jpg,/mnt/hdd/projects/smile_detection/data/processed/smile/file0892.jpg,1,1,1,2.6523649976297747
file3512.jpg,/mnt/hdd/projects/smile_detection/data/processed/non_smile/file3512.jpg,1,0,0,2.776458000880666
file0848.jpg,/mnt/hdd/projects/smile_detection/data/processed/smile/file0848.jpg,1,1,1,3.1054560022312216
file1017.jpg,/mnt/hdd/projects/smile_detection/data/processed/smile/file1017.jpg,1,1,1,2.8822999993280973
file2875.jpg,/mnt/hdd/projects/smile_detection/data/processed/non_smile/file2875.jpg,1,0,0,2.7941309999732766
file2799.jpg,/mnt/hdd/projects/smile_detection/data/processed/non_smile/file2799.jpg,1,0,0,2.7547879981284495
file2973.jpg,/mnt/hdd/projects/smile_detection/data/processed/non_smile/file2973.jpg,1,0,0,2.7363709996279795
file1670.jpg,/mnt/hdd/projects/smile_detection/data/processed/smile/file1670.jpg,1,1,1,2.8772670011676382
file3130.jpg,/mnt/hdd/projects/smile_detection/data/processed/non_smile/file3130.jpg,1,0,0,2.8632569992623758
file2758.jpg,/mnt/hdd/projects/smile_detection/data/processed/non_smile/file2758.jpg,1,0,0,2.8878279990749434
file3507.jpg,/mnt/hdd/projects/smile_detection/data/processed/non_smile/file3507.jpg,1,0,0,2.759576000244124
file1166.jpg,/mnt/hdd/projects/smile_detection/data/processed/smile/file1166.jpg,1,1,1,2.694703001907328
file3399.jpg,/mnt/hdd/projects/smile_detection/data/processed/non_smile/file3399.jpg,1,0,0,2.809857000102056
file0375.jpg,/mnt/hdd/projects/smile_detection/data/processed/smile/file0375.jpg,1,1,1,2.7393509990361053
file0292.jpg,/mnt/hdd/projects/smile_detection/data/processed/smile/file0292.jpg,1,1,1,2.8215470010763966
file0296.jpg,/mnt/hdd/projects/smile_detection/data/processed/smile/file0296.jpg,1,1,1,2.8315159979683813
file3588.jpg,/mnt/hdd/projects/smile_detection/data/processed/non_smile/file3588.jpg,1,0,1,2.895385998272104
file3328.jpg,/mnt/hdd/projects/smile_detection/data/processed/non_smile/file3328.jpg,1,0,0,3.265213999839034
file0562.jpg,/mnt/hdd/projects/smile_detection/data/processed/smile/file0562.jpg,1,1,1,3.0538660030288156
file2381.jpg,/mnt/hdd/projects/smile_detection/data/processed/smile/file2381.jpg,1,1,1,2.8168950011604466
file0142.jpg,/mnt/hdd/projects/smile_detection/data/processed/smile/file0142.jpg,1,1,1,2.677360997040523
file2329.jpg,/mnt/hdd/projects/smile_detection/data/processed/non_smile/file2329.jpg,1,0,0,2.7207450002606492
file0336.jpg,/mnt/hdd/projects/smile_detection/data/processed/smile/file0336.jpg,1,1,1,2.777298999717459
file0262.jpg,/mnt/hdd/projects/smile_detection/data/processed/smile/file0262.jpg,1,1,1,2.8538209990074392
file3186.jpg,/mnt/hdd/projects/smile_detection/data/processed/non_smile/file3186.jpg,1,0,0,2.738261999184033
file0552.jpg,/mnt/hdd/projects/smile_detection/data/processed/smile/file0552.jpg,1,1,1,2.7473030022520106
file2722.jpg,/mnt/hdd/projects/smile_detection/data/processed/non_smile/file2722.jpg,1,0,0,2.7245069977652747
file3710.jpg,/mnt/hdd/projects/smile_detection/data/processed/non_smile/file3710.jpg,1,0,0,2.872504999686498
file0380.jpg,/mnt/hdd/projects/smile_detection/data/processed/smile/file0380.jpg,1,1,1,2.8980690003663767
file0787.jpg,/mnt/hdd/projects/smile_detection/data/processed/smile/file0787.jpg,1,1,1,2.841015000740299
file3781.jpg,/mnt/hdd/projects/smile_detection/data/processed/non_smile/file3781.jpg,1,0,0,2.7119279984617606
file3234.jpg,/mnt/hdd/projects/smile_detection/data/processed/non_smile/file3234.jpg,1,0,1,2.7298380009597167
file2611.jpg,/mnt/hdd/projects/smile_detection/data/processed/non_smile/file2611.jpg,1,0,0,2.72544499966898
file0345.jpg,/mnt/hdd/projects/smile_detection/data/processed/smile/file0345.jpg,1,1,1,2.691177996894112
file0592.jpg,/mnt/hdd/projects/smile_detection/data/processed/smile/file0592.jpg,1,1,1,2.855933998944238
file3692.jpg,/mnt/hdd/projects/smile_detection/data/processed/non_smile/file3692.jpg,1,0,0,2.942245999292936
file2299.jpg,/mnt/hdd/projects/smile_detection/data/processed/non_smile/file2299.jpg,1,0,0,3.0424700016737916
file1092.jpg,/mnt/hdd/projects/smile_detection/data/processed/smile/file1092.jpg,1,1,1,3.11120900005335
file2487.jpg,/mnt/hdd/projects/smile_detection/data/processed/non_smile/file2487.jpg,1,0,0,2.9741110010945704
file0641.jpg,/mnt/hdd/projects/smile_detection/data/processed/smile/file0641.jpg,1,1,1,2.9845569988538045
file1189.jpg,/mnt/hdd/projects/smile_detection/data/processed/smile/file1189.jpg,1,1,1,3.1806599981791805
file1419.jpg,/mnt/hdd/projects/smile_detection/data/processed/smile/file1419.jpg,1,1,1,3.0130119994282722
file3301.jpg,/mnt/hdd/projects/smile_detection/data/processed/non_smile/file3301.jpg,1,0,0,2.8147949997219257
file1187.jpg,/mnt/hdd/projects/smile_detection/data/processed/smile/file1187.jpg,1,1,1,2.7938709972659126
file0979.jpg,/mnt/hdd/projects/smile_detection/data/processed/smile/file0979.jpg,1,1,1,2.94999200195889
file0580.jpg,/mnt/hdd/projects/smile_detection/data/processed/smile/file0580.jpg,1,1,0,2.75160599994706
file3949.jpg,/mnt/hdd/projects/smile_detection/data/processed/non_smile/file3949.jpg,1,0,0,2.7503640012582764
file3808.jpg,/mnt/hdd/projects/smile_detection/data/processed/non_smile/file3808.jpg,1,0,0,2.749537001363933
file1623.jpg,/mnt/hdd/projects/smile_detection/data/processed/smile/file1623.jpg,1,1,1,2.9068030016787816
file2936.jpg,/mnt/hdd/projects/smile_detection/data/processed/non_smile/file2936.jpg,1,0,1,2.831408997735707
file3103.jpg,/mnt/hdd/projects/smile_detection/data/processed/non_smile/file3103.jpg,1,0,1,3.219525999156758
file3355.jpg,/mnt/hdd/projects/smile_detection/data/processed/non_smile/file3355.jpg,1,0,0,2.868400999432197
file3768.jpg,/mnt/hdd/projects/smile_detection/data/processed/non_smile/file3768.jpg,1,0,0,2.831496996805072
file2562.jpg,/mnt/hdd/projects/smile_detection/data/processed/non_smile/file2562.jpg,1,0,0,2.9843009979231283
file2622.jpg,/mnt/hdd/projects/smile_detection/data/processed/non_smile/file2622.jpg,1,0,0,3.0915040006220806
file1574.jpg,/mnt/hdd/projects/smile_detection/data/processed/smile/file1574.jpg,1,1,0,3.1595410000591073
file2172.jpg,/mnt/hdd/projects/smile_detection/data/processed/non_smile/file2172.jpg,1,0,0,3.1712410018371884
file2970.jpg,/mnt/hdd/projects/smile_detection/data/processed/non_smile/file2970.jpg,1,0,0,3.050229999644216
file2458.jpg,/mnt/hdd/projects/smile_detection/data/processed/non_smile/file2458.jpg,1,0,1,2.9081799984851386
file1452.jpg,/mnt/hdd/projects/smile_detection/data/processed/smile/file1452.jpg,1,1,1,2.88379500125302
file2859.jpg,/mnt/hdd/projects/smile_detection/data/processed/non_smile/file2859.jpg,1,0,0,2.984485003253212
file0880.jpg,/mnt/hdd/projects/smile_detection/data/processed/smile/file0880.jpg,1,1,1,2.998075000505196
file1766.jpg,/mnt/hdd/projects/smile_detection/data/processed/smile/file1766.jpg,1,1,1,2.944644002127461
file2446.jpg,/mnt/hdd/projects/smile_detection/data/processed/non_smile/file2446.jpg,1,0,0,2.858591997210169
file1484.jpg,/mnt/hdd/projects/smile_detection/data/processed/smile/file1484.jpg,1,1,1,2.7311039993946906
file2026.jpg,/mnt/hdd/projects/smile_detection/data/processed/smile/file2026.jpg,1,1,1,2.8033700000378303
file3382.jpg,/mnt/hdd/projects/smile_detection/data/processed/non_smile/file3382.jpg,1,0,0,2.7248529986536596
file0277.jpg,/mnt/hdd/projects/smile_detection/data/processed/smile/file0277.jpg,1,1,1,2.8778200030501466
file1929.jpg,/mnt/hdd/projects/smile_detection/data/processed/smile/file1929.jpg,1,1,1,2.85665100091137
file2465.jpg,/mnt/hdd/projects/smile_detection/data/processed/non_smile/file2465.jpg,1,0,0,3.001960001711268
file0698.jpg,/mnt/hdd/projects/smile_detection/data/processed/smile/file0698.jpg,1,1,1,2.8524720000859816
file0021.jpg,/mnt/hdd/projects/smile_detection/data/processed/smile/file0021.jpg,1,1,1,2.7888679978786968
file0516.jpg,/mnt/hdd/projects/smile_detection/data/processed/smile/file0516.jpg,1,1,0,2.945159998489544
file0463.jpg,/mnt/hdd/projects/smile_detection/data/processed/smile/file0463.jpg,1,1,1,2.8785589965991676
file0946.jpg,/mnt/hdd/projects/smile_detection/data/processed/smile/file0946.jpg,1,1,1,2.8920439981448
file0243.jpg,/mnt/hdd/projects/smile_detection/data/processed/smile/file0243.jpg,1,1,1,2.7495300018927082
file0731.jpg,/mnt/hdd/projects/smile_detection/data/processed/smile/file0731.jpg,1,1,1,2.815919000568101
file3575.jpg,/mnt/hdd/projects/smile_detection/data/processed/non_smile/file3575.jpg,1,0,0,2.790612001263071
file1975.jpg,/mnt/hdd/projects/smile_detection/data/processed/smile/file1975.jpg,1,1,1,2.748396000242792
file1259.jpg,/mnt/hdd/projects/smile_detection/data/processed/smile/file1259.jpg,1,1,1,2.768613998341607
file3865.jpg,/mnt/hdd/projects/smile_detection/data/processed/non_smile/file3865.jpg,1,0,1,2.8523159999167547
file2515.jpg,/mnt/hdd/projects/smile_detection/data/processed/non_smile/file2515.jpg,1,0,1,2.777796998998383
file2030.jpg,/mnt/hdd/projects/smile_detection/data/processed/smile/file2030.jpg,1,1,1,2.9031849990133196
file2291.jpg,/mnt/hdd/projects/smile_detection/data/processed/non_smile/file2291.jpg,1,0,0,3.2073219990707003
file1876.jpg,/mnt/hdd/projects/smile_detection/data/processed/smile/file1876.jpg,1,1,1,2.8787909977836534
file3149.jpg,/mnt/hdd/projects/smile_detection/data/processed/non_smile/file3149.jpg,1,0,0,2.7458900003694
file1532.jpg,/mnt/hdd/projects/smile_detection/data/processed/smile/file1532.jpg,1,1,1,2.7325870032655075
file3711.jpg,/mnt/hdd/projects/smile_detection/data/processed/non_smile/file3711.jpg,1,0,0,2.695654002309311
file2968.jpg,/mnt/hdd/projects/smile_detection/data/processed/non_smile/file2968.jpg,1,0,0,2.731010001298273
file3850.jpg,/mnt/hdd/projects/smile_detection/data/processed/non_smile/file3850.jpg,1,0,0,2.8474840000853874
file3856.jpg,/mnt/hdd/projects/smile_detection/data/processed/non_smile/file3856.jpg,1,0,0,2.8081710006517824
file2096.jpg,/mnt/hdd/projects/smile_detection/data/processed/smile/file2096.jpg,1,1,1,2.740277999691898
file3828.jpg,/mnt/hdd/projects/smile_detection/data/processed/non_smile/file3828.jpg,1,0,1,2.874106001399923
file0757.jpg,/mnt/hdd/projects/smile_detection/data/processed/smile/file0757.jpg,1,1,0,2.8080849988327827
file3583.jpg,/mnt/hdd/projects/smile_detection/data/processed/non_smile/file3583.jpg,1,0,0,2.9397819998848718
file0948.jpg,/mnt/hdd/projects/smile_detection/data/processed/smile/file0948.jpg,1,1,1,2.91979399844422
file0589.jpg,/mnt/hdd/projects/smile_detection/data/processed/smile/file0589.jpg,1,1,1,2.7414760006649885
file0725.jpg,/mnt/hdd/projects/smile_detection/data/processed/smile/file0725.jpg,1,1,1,2.860475997294998
file0134.jpg,/mnt/hdd/projects/smile_detection/data/processed/smile/file0134.jpg,1,1,1,2.7260309980192687
file1043.jpg,/mnt/hdd/projects/smile_detection/data/processed/smile/file1043.jpg,1,1,0,2.7659689985739533
file2626.jpg,/mnt/hdd/projects/smile_detection/data/processed/non_smile/file2626.jpg,1,0,0,2.894286000810098
file3431.jpg,/mnt/hdd/projects/smile_detection/data/processed/non_smile/file3431.jpg,1,0,0,2.8430569982447196
file2872.jpg,/mnt/hdd/projects/smile_detection/data/processed/non_smile/file2872.jpg,1,0,0,2.895115001592785
file0893.jpg,/mnt/hdd/projects/smile_detection/data/processed/smile/file0893.jpg,1,1,0,2.7435060001153033
file3199.jpg,/mnt/hdd/projects/smile_detection/data/processed/non_smile/file3199.jpg,1,0,0,2.7023440015909728
file3261.jpg,/mnt/hdd/projects/smile_detection/data/processed/non_smile/file3261.jpg,1,0,0,2.7503700002853293
file0971.jpg,/mnt/hdd/projects/smile_detection/data/processed/smile/file0971.jpg,1,1,1,3.0391569998755585
file2259.jpg,/mnt/hdd/projects/smile_detection/data/processed/non_smile/file2259.jpg,1,0,1,3.0620719990110956
file0716.jpg,/mnt/hdd/projects/smile_detection/data/processed/smile/file0716.jpg,1,1,1,2.725059999647783
file2735.jpg,/mnt/hdd/projects/smile_detection/data/processed/non_smile/file2735.jpg,1,0,0,2.68830999993952
file0925.jpg,/mnt/hdd/projects/smile_detection/data/processed/smile/file0925.jpg,1,1,1,2.7857770000991877
file1317.jpg,/mnt/hdd/projects/smile_detection/data/processed/smile/file1317.jpg,1,1,1,2.774934000626672
file2066.jpg,/mnt/hdd/projects/smile_detection/data/processed/smile/file2066.jpg,1,1,1,2.6793289980560075
file3639.jpg,/mnt/hdd/projects/smile_detection/data/processed/non_smile/file3639.jpg,1,0,0,2.6745719987957273
file2092.jpg,/mnt/hdd/projects/smile_detection/data/processed/smile/file2092.jpg,1,1,1,2.789317000861047
file3194.jpg,/mnt/hdd/projects/smile_detection/data/processed/non_smile/file3194.jpg,1,0,1,2.8041510013281368
file1854.jpg,/mnt/hdd/projects/smile_detection/data/processed/smile/file1854.jpg,1,1,1,3.148464998957934
file2921.jpg,/mnt/hdd/projects/smile_detection/data/processed/non_smile/file2921.jpg,1,0,0,2.820695000991691
file2018.jpg,/mnt/hdd/projects/smile_detection/data/processed/smile/file2018.jpg,1,1,1,2.8188360010972247
file2663.jpg,/mnt/hdd/projects/smile_detection/data/processed/non_smile/file2663.jpg,1,0,0,2.65372300054878
file1530.jpg,/mnt/hdd/projects/smile_detection/data/processed/smile/file1530.jpg,1,1,1,2.697187999729067
file2395.jpg,/mnt/hdd/projects/smile_detection/data/processed/non_smile/file2395.jpg,1,0,1,2.7605100003711414
file2854.jpg,/mnt/hdd/projects/smile_detection/data/processed/non_smile/file2854.jpg,1,0,0,2.812190999975428
file1194.jpg,/mnt/hdd/projects/smile_detection/data/processed/smile/file1194.jpg,1,1,1,2.820202000293648
file0497.jpg,/mnt/hdd/projects/smile_detection/data/processed/smile/file0497.jpg,1,1,1,2.8146139993623365
file3852.jpg,/mnt/hdd/projects/smile_detection/data/processed/non_smile/file3852.jpg,1,0,0,2.7749159999075346
file0857.jpg,/mnt/hdd/projects/smile_detection/data/processed/smile/file0857.jpg,1,1,1,2.89256000178284
file2513.jpg,/mnt/hdd/projects/smile_detection/data/processed/non_smile/file2513.jpg,1,0,1,2.882691998820519
file1022.jpg,/mnt/hdd/projects/smile_detection/data/processed/smile/file1022.jpg,1,1,1,2.8298289980739355
file1253.jpg,/mnt/hdd/projects/smile_detection/data/processed/smile/file1253.jpg,1,1,1,2.755727000476327
file1211.jpg,/mnt/hdd/projects/smile_detection/data/processed/smile/file1211.jpg,1,1,1,2.8253699965716805
file3613.jpg,/mnt/hdd/projects/smile_detection/data/processed/non_smile/file3613.jpg,1,0,0,2.7997489996778313
file0906.jpg,/mnt/hdd/projects/smile_detection/data/processed/smile/file0906.jpg,1,1,1,2.7235230008955114
file2561.jpg,/mnt/hdd/projects/smile_detection/data/processed/non_smile/file2561.jpg,1,0,0,2.79370299904258
file2202.jpg,/mnt/hdd/projects/smile_detection/data/processed/non_smile/file2202.jpg,1,0,0,2.912882002419792
file3655.jpg,/mnt/hdd/projects/smile_detection/data/processed/non_smile/file3655.jpg,1,0,0,2.8193790021759924
file3190.jpg,/mnt/hdd/projects/smile_detection/data/processed/non_smile/file3190.jpg,1,0,0,2.729334999457933
file0761.jpg,/mnt/hdd/projects/smile_detection/data/processed/smile/file0761.jpg,1,1,1,2.725705999182537
file1996.jpg,/mnt/hdd/projects/smile_detection/data/processed/smile/file1996.jpg,1,1,1,2.6913330002571456
file0103.jpg,/mnt/hdd/projects/smile_detection/data/processed/smile/file0103.jpg,1,1,1,2.824851002515061
file3918.jpg,/mnt/hdd/projects/smile_detection/data/processed/non_smile/file3918.jpg,1,0,1,2.8041160003340337
file2439.jpg,/mnt/hdd/projects/smile_detection/data/processed/non_smile/file2439.jpg,1,0,0,2.7632099991024006
file3970.jpg,/mnt/hdd/projects/smile_detection/data/processed/non_smile/file3970.jpg,1,0,0,2.864898997358978
file1923.jpg,/mnt/hdd/projects/smile_detection/data/processed/smile/file1923.jpg,1,1,1,2.8016040014335886
file1276.jpg,/mnt/hdd/projects/smile_detection/data/processed/smile/file1276.jpg,1,1,0,2.6879090000875294
file3052.jpg,/mnt/hdd/projects/smile_detection/data/processed/non_smile/file3052.jpg,1,0,0,2.741840999078704
file1921.jpg,/mnt/hdd/projects/smile_detection/data/processed/smile/file1921.jpg,1,1,1,2.785689997836016
file2205.jpg,/mnt/hdd/projects/smile_detection/data/processed/non_smile/file2205.jpg,1,0,0,2.7996530006930698
file2191.jpg,/mnt/hdd/projects/smile_detection/data/processed/non_smile/file2191.jpg,1,0,0,2.802729002723936
file0975.jpg,/mnt/hdd/projects/smile_detection/data/processed/smile/file0975.jpg,1,1,1,3.199085000233026
file0720.jpg,/mnt/hdd/projects/smile_detection/data/processed/smile/file0720.jpg,1,1,1,3.0045429994061124
file1149.jpg,/mnt/hdd/projects/smile_detection/data/processed/smile/file1149.jpg,1,1,1,2.816691001498839
file0209.jpg,/mnt/hdd/projects/smile_detection/data/processed/smile/file0209.jpg,1,1,1,2.7179110002180096
file0524.jpg,/mnt/hdd/projects/smile_detection/data/processed/smile/file0524.jpg,1,1,0,2.7136110002174973
file2680.jpg,/mnt/hdd/projects/smile_detection/data/processed/non_smile/file2680.jpg,1,0,0,2.8834799995820504
file0492.jpg,/mnt/hdd/projects/smile_detection/data/processed/smile/file0492.jpg,1,1,1,2.8059450014552567
file1097.jpg,/mnt/hdd/projects/smile_detection/data/processed/smile/file1097.jpg,1,1,1,2.8430499987734947
file3472.jpg,/mnt/hdd/projects/smile_detection/data/processed/non_smile/file3472.jpg,1,0,1,2.9269839978951495
file3191.jpg,/mnt/hdd/projects/smile_detection/data/processed/non_smile/file3191.jpg,1,0,0,2.7788189981947653
file1941.jpg,/mnt/hdd/projects/smile_detection/data/processed/smile/file1941.jpg,1,1,1,2.767766000033589
file2920.jpg,/mnt/hdd/projects/smile_detection/data/processed/non_smile/file2920.jpg,1,0,0,2.77913200261537
file0963.jpg,/mnt/hdd/projects/smile_detection/data/processed/smile/file0963.jpg,1,1,1,2.7418150020821486
file3131.jpg,/mnt/hdd/projects/smile_detection/data/processed/non_smile/file3131.jpg,1,0,1,2.7287809971312527
file1339.jpg,/mnt/hdd/projects/smile_detection/data/processed/smile/file1339.jpg,1,1,1,2.913235002779402
file2570.jpg,/mnt/hdd/projects/smile_detection/data/processed/non_smile/file2570.jpg,1,0,0,2.8733649996866006
file3429.jpg,/mnt/hdd/projects/smile_detection/data/processed/non_smile/file3429.jpg,1,0,0,2.7974899967375677
file0283.jpg,/mnt/hdd/projects/smile_detection/data/processed/smile/file0283.jpg,1,1,1,2.715187998546753
file2555.jpg,/mnt/hdd/projects/smile_detection/data/processed/non_smile/file2555.jpg,1,0,0,2.721673998166807
file3698.jpg,/mnt/hdd/projects/smile_detection/data/processed/non_smile/file3698.jpg,1,0,0,2.7324889997544233
file1205.jpg,/mnt/hdd/projects/smile_detection/data/processed/smile/file1205.jpg,1,1,1,2.835986000718549
file2263.jpg,/mnt/hdd/projects/smile_detection/data/processed/non_smile/file2263.jpg,1,0,0,2.723312001762679
file3967.jpg,/mnt/hdd/projects/smile_detection/data/processed/non_smile/file3967.jpg,1,0,0,2.7488250016176607
file2784.jpg,/mnt/hdd/projects/smile_detection/data/processed/non_smile/file2784.jpg,1,0,1,2.804602001560852
file2548.jpg,/mnt/hdd/projects/smile_detection/data/processed/non_smile/file2548.jpg,1,0,0,2.8310849993431475
file3524.jpg,/mnt/hdd/projects/smile_detection/data/processed/non_smile/file3524.jpg,1,0,0,2.829429999110289
file2679.jpg,/mnt/hdd/projects/smile_detection/data/processed/non_smile/file2679.jpg,1,0,0,2.7867069984495174
file1301.jpg,/mnt/hdd/projects/smile_detection/data/processed/smile/file1301.jpg,1,1,1,2.733104000071762
file3981.jpg,/mnt/hdd/projects/smile_detection/data/processed/non_smile/file3981.jpg,1,0,0,2.850210999895353
file3037.jpg,/mnt/hdd/projects/smile_detection/data/processed/non_smile/file3037.jpg,1,0,1,2.796099000988761
file1573.jpg,/mnt/hdd/projects/smile_detection/data/processed/smile/file1573.jpg,1,1,1,2.8674650020548142
file2389.jpg,/mnt/hdd/projects/smile_detection/data/processed/non_smile/file2389.jpg,1,0,0,3.170602001773659
file0696.jpg,/mnt/hdd/projects/smile_detection/data/processed/smile/file0696.jpg,1,1,1,2.9894680010329466
file2902.jpg,/mnt/hdd/projects/smile_detection/data/processed/non_smile/file2902.jpg,1,0,0,2.695545001188293
file0127.jpg,/mnt/hdd/projects/smile_detection/data/processed/smile/file0127.jpg,1,1,1,2.7438290017016698
file3028.jpg,/mnt/hdd/projects/smile_detection/data/processed/non_smile/file3028.jpg,1,0,1,2.9648069976246916
file2012.jpg,/mnt/hdd/projects/smile_detection/data/processed/smile/file2012.jpg,1,1,1,2.9045140036032535
file1946.jpg,/mnt/hdd/projects/smile_detection/data/processed/smile/file1946.jpg,1,1,0,2.8599400029634126
file2692.jpg,/mnt/hdd/projects/smile_detection/data/processed/non_smile/file2692.jpg,1,0,0,2.758343001914909
file3466.jpg,/mnt/hdd/projects/smile_detection/data/processed/non_smile/file3466.jpg,1,0,0,2.746789999946486
file1085.jpg,/mnt/hdd/projects/smile_detection/data/processed/smile/file1085.jpg,1,1,1,2.70686600197223
file0579.jpg,/mnt/hdd/projects/smile_detection/data/processed/smile/file0579.jpg,1,1,1,2.8628760010178667
file3621.jpg,/mnt/hdd/projects/smile_detection/data/processed/non_smile/file3621.jpg,1,0,0,2.911519000917906
file2978.jpg,/mnt/hdd/projects/smile_detection/data/processed/non_smile/file2978.jpg,1,0,0,2.8308279979682993
file0308.jpg,/mnt/hdd/projects/smile_detection/data/processed/smile/file0308.jpg,1,1,1,2.85836400144035
file1039.jpg,/mnt/hdd/projects/smile_detection/data/processed/smile/file1039.jpg,1,1,1,2.7354960002412554
file0822.jpg,/mnt/hdd/projects/smile_detection/data/processed/smile/file0822.jpg,1,1,1,2.7667560025292914
file0965.jpg,/mnt/hdd/projects/smile_detection/data/processed/smile/file0965.jpg,1,1,1,2.7018229993700515
file3864.jpg,/mnt/hdd/projects/smile_detection/data/processed/non_smile/file3864.jpg,1,0,0,2.836815001501236
file2220.jpg,/mnt/hdd/projects/smile_detection/data/processed/non_smile/file2220.jpg,1,0,0,2.869990999897709
file1151.jpg,/mnt/hdd/projects/smile_detection/data/processed/smile/file1151.jpg,1,1,0,2.7314420003676787
file2820.jpg,/mnt/hdd/projects/smile_detection/data/processed/non_smile/file2820.jpg,1,0,1,2.689451001060661
file2500.jpg,/mnt/hdd/projects/smile_detection/data/processed/non_smile/file2500.jpg,1,0,0,2.768181999272201
file3538.jpg,/mnt/hdd/projects/smile_detection/data/processed/non_smile/file3538.jpg,1,0,0,2.7753280010074377
file3557.jpg,/mnt/hdd/projects/smile_detection/data/processed/non_smile/file3557.jpg,1,0,0,2.846776998921996
file0412.jpg,/mnt/hdd/projects/smile_detection/data/processed/smile/file0412.jpg,1,1,0,2.8103059994464274
file0820.jpg,/mnt/hdd/projects/smile_detection/data/processed/smile/file0820.jpg,1,1,1,2.745616999163758
file3225.jpg,/mnt/hdd/projects/smile_detection/data/processed/non_smile/file3225.jpg,1,0,0,2.747401002125116
file1251.jpg,/mnt/hdd/projects/smile_detection/data/processed/smile/file1251.jpg,1,1,0,2.8409890001057647
file0406.jpg,/mnt/hdd/projects/smile_detection/data/processed/smile/file0406.jpg,1,1,1,2.74153400096111
file1669.jpg,/mnt/hdd/projects/smile_detection/data/processed/smile/file1669.jpg,1,1,1,2.6712100006989203
file0793.jpg,/mnt/hdd/projects/smile_detection/data/processed/smile/file0793.jpg,1,1,1,2.7287350021651946
file2330.jpg,/mnt/hdd/projects/smile_detection/data/processed/non_smile/file2330.jpg,1,0,0,2.8845320011896547
file2177.jpg,/mnt/hdd/projects/smile_detection/data/processed/non_smile/file2177.jpg,1,0,0,2.738379997026641
file0693.jpg,/mnt/hdd/projects/smile_detection/data/processed/smile/file0693.jpg,1,1,1,2.872924000257626
file2053.jpg,/mnt/hdd/projects/smile_detection/data/processed/smile/file2053.jpg,1,1,1,2.8258569982426707
file3014.jpg,/mnt/hdd/projects/smile_detection/data/processed/non_smile/file3014.jpg,1,0,0,2.814891999150859
file1326.jpg,/mnt/hdd/projects/smile_detection/data/processed/smile/file1326.jpg,1,1,1,2.767499998299172
file3416.jpg,/mnt/hdd/projects/smile_detection/data/processed/non_smile/file3416.jpg,1,0,0,2.7854369982378557
file0518.jpg,/mnt/hdd/projects/smile_detection/data/processed/smile/file0518.jpg,1,1,1,2.7124669977638405
file2255.jpg,/mnt/hdd/projects/smile_detection/data/processed/non_smile/file2255.jpg,1,0,0,2.7794210000138264
file2832.jpg,/mnt/hdd/projects/smile_detection/data/processed/non_smile/file2832.jpg,1,0,0,2.886922000470804
file3773.jpg,/mnt/hdd/projects/smile_detection/data/processed/non_smile/file3773.jpg,1,0,0,2.9093669982103165
file2148.jpg,/mnt/hdd/projects/smile_detection/data/processed/smile/file2148.jpg,1,1,1,2.997430001414614
file2355.jpg,/mnt/hdd/projects/smile_detection/data/processed/non_smile/file2355.jpg,1,0,0,2.8190740013087634
file3953.jpg,/mnt/hdd/projects/smile_detection/data/processed/non_smile/file3953.jpg,1,0,0,2.796790999127552
file2312.jpg,/mnt/hdd/projects/smile_detection/data/processed/non_smile/file2312.jpg,1,0,0,2.949722002085764
file2320.jpg,/mnt/hdd/projects/smile_detection/data/processed/non_smile/file2320.jpg,1,0,0,2.8157600027043372
file0112.jpg,/mnt/hdd/projects/smile_detection/data/processed/smile/file0112.jpg,1,1,1,2.8619670010812115
file2952.jpg,/mnt/hdd/projects/smile_detection/data/processed/non_smile/file2952.jpg,1,0,0,2.7465860002848785
file3346.jpg,/mnt/hdd/projects/smile_detection/data/processed/non_smile/file3346.jpg,1,0,0,2.658445002452936
file0923.jpg,/mnt/hdd/projects/smile_detection/data/processed/smile/file0923.jpg,1,1,1,2.694097998755751
file0556.jpg,/mnt/hdd/projects/smile_detection/data/processed/smile/file0556.jpg,1,1,1,2.8218910010764375
file0901.jpg,/mnt/hdd/projects/smile_detection/data/processed/smile/file0901.jpg,1,1,1,2.7539850016182754
file2554.jpg,/mnt/hdd/projects/smile_detection/data/processed/non_smile/file2554.jpg,1,0,0,2.7260040005785413
file1284.jpg,/mnt/hdd/projects/smile_detection/data/processed/smile/file1284.jpg,1,1,1,2.807421999023063
file2643.jpg,/mnt/hdd/projects/smile_detection/data/processed/non_smile/file2643.jpg,1,0,0,2.7527700003702193
file3298.jpg,/mnt/hdd/projects/smile_detection/data/processed/non_smile/file3298.jpg,1,0,0,2.7957250022154767
file3235.jpg,/mnt/hdd/projects/smile_detection/data/processed/non_smile/file3235.jpg,1,0,0,2.925868997408543
file3231.jpg,/mnt/hdd/projects/smile_detection/data/processed/non_smile/file3231.jpg,1,0,0,2.737869999691611
file3327.jpg,/mnt/hdd/projects/smile_detection/data/processed/non_smile/file3327.jpg,1,0,1,2.740080999501515
file3246.jpg,/mnt/hdd/projects/smile_detection/data/processed/non_smile/file3246.jpg,1,0,0,2.9480279990821145
file0152.jpg,/mnt/hdd/projects/smile_detection/data/processed/smile/file0152.jpg,1,1,1,3.683419003209565
file0501.jpg,/mnt/hdd/projects/smile_detection/data/processed/smile/file0501.jpg,1,1,1,3.3077959997172
file1997.jpg,/mnt/hdd/projects/smile_detection/data/processed/smile/file1997.jpg,1,1,1,3.2015780016081408
file0709.jpg,/mnt/hdd/projects/smile_detection/data/processed/smile/file0709.jpg,1,1,1,3.3173560004797764
file0091.jpg,/mnt/hdd/projects/smile_detection/data/processed/smile/file0091.jpg,1,1,1,3.2041869999375194
file3045.jpg,/mnt/hdd/projects/smile_detection/data/processed/non_smile/file3045.jpg,1,0,0,3.1457340010092594
file1863.jpg,/mnt/hdd/projects/smile_detection/data/processed/smile/file1863.jpg,1,1,1,3.064232001634082
file0199.jpg,/mnt/hdd/projects/smile_detection/data/processed/smile/file0199.jpg,1,1,1,3.0838730017421767
file0218.jpg,/mnt/hdd/projects/smile_detection/data/processed/smile/file0218.jpg,1,1,1,3.1472649970964994
file0366.jpg,/mnt/hdd/projects/smile_detection/data/processed/smile/file0366.jpg,1,1,1,2.872781999030849
file0994.jpg,/mnt/hdd/projects/smile_detection/data/processed/smile/file0994.jpg,1,1,1,2.971917001559632
file1327.jpg,/mnt/hdd/projects/smile_detection/data/processed/smile/file1327.jpg,1,1,1,3.0677489994559437
file0166.jpg,/mnt/hdd/projects/smile_detection/data/processed/smile/file0166.jpg,1,1,1,2.9272540014062542
file0585.jpg,/mnt/hdd/projects/smile_detection/data/processed/smile/file0585.jpg,1,1,1,2.8678839989879634
file3736.jpg,/mnt/hdd/projects/smile_detection/data/processed/non_smile/file3736.jpg,1,0,1,2.8328779990260955
file3469.jpg,/mnt/hdd/projects/smile_detection/data/processed/non_smile/file3469.jpg,1,0,0,3.0659769981866702
file2871.jpg,/mnt/hdd/projects/smile_detection/data/processed/non_smile/file2871.jpg,1,0,0,4.1217409998353105
file1296.jpg,/mnt/hdd/projects/smile_detection/data/processed/smile/file1296.jpg,1,1,1,3.2305429995176382
file3304.jpg,/mnt/hdd/projects/smile_detection/data/processed/non_smile/file3304.jpg,1,0,0,3.292215998953907
file2021.jpg,/mnt/hdd/projects/smile_detection/data/processed/smile/file2021.jpg,1,1,1,3.14456499836524
file2572.jpg,/mnt/hdd/projects/smile_detection/data/processed/non_smile/file2572.jpg,1,0,0,3.3109910000348464
file0458.jpg,/mnt/hdd/projects/smile_detection/data/processed/smile/file0458.jpg,1,1,1,5.76496100256918
file2133.jpg,/mnt/hdd/projects/smile_detection/data/processed/smile/file2133.jpg,1,1,1,3.247323002142366
file0399.jpg,/mnt/hdd/projects/smile_detection/data/processed/smile/file0399.jpg,1,1,1,3.3737750018190127
file1459.jpg,/mnt/hdd/projects/smile_detection/data/processed/smile/file1459.jpg,1,1,1,6.622646000323584
file1139.jpg,/mnt/hdd/projects/smile_detection/data/processed/smile/file1139.jpg,1,1,1,11.17154899839079
file3724.jpg,/mnt/hdd/projects/smile_detection/data/processed/non_smile/file3724.jpg,1,0,0,6.770562999008689
file3054.jpg,/mnt/hdd/projects/smile_detection/data/processed/non_smile/file3054.jpg,1,0,1,3.5761429971898906
file0533.jpg,/mnt/hdd/projects/smile_detection/data/processed/smile/file0533.jpg,1,1,1,6.51548499808996
file1312.jpg,/mnt/hdd/projects/smile_detection/data/processed/smile/file1312.jpg,1,1,1,5.86416999794892
file1869.jpg,/mnt/hdd/projects/smile_detection/data/processed/smile/file1869.jpg,1,1,1,3.7790659989695996
file3838.jpg,/mnt/hdd/projects/smile_detection/data/processed/non_smile/file3838.jpg,1,0,0,3.299482999864267
file1818.jpg,/mnt/hdd/projects/smile_detection/data/processed/smile/file1818.jpg,1,1,1,3.4020800012513064
file3635.jpg,/mnt/hdd/projects/smile_detection/data/processed/non_smile/file3635.jpg,1,0,1,3.356262997840531
file0873.jpg,/mnt/hdd/projects/smile_detection/data/processed/smile/file0873.jpg,1,1,1,3.4574879973661155
file3009.jpg,/mnt/hdd/projects/smile_detection/data/processed/non_smile/file3009.jpg,1,0,0,3.2413310000265483
file1678.jpg,/mnt/hdd/projects/smile_detection/data/processed/smile/file1678.jpg,1,1,1,3.131683999527013
file1453.jpg,/mnt/hdd/projects/smile_detection/data/processed/smile/file1453.jpg,1,1,1,3.128590000414988
file1091.jpg,/mnt/hdd/projects/smile_detection/data/processed/smile/file1091.jpg,1,1,1,3.0117459973553196
file2977.jpg,/mnt/hdd/projects/smile_detection/data/processed/non_smile/file2977.jpg,1,0,0,3.075594999245368
file2453.jpg,/mnt/hdd/projects/smile_detection/data/processed/non_smile/file2453.jpg,1,0,0,3.118155997071881
file0962.jpg,/mnt/hdd/projects/smile_detection/data/processed/smile/file0962.jpg,1,1,1,3.0562499996449333
file0035.jpg,/mnt/hdd/projects/smile_detection/data/processed/smile/file0035.jpg,1,1,1,3.1210269989969674
file2818.jpg,/mnt/hdd/projects/smile_detection/data/processed/non_smile/file2818.jpg,1,0,0,3.3201769983861595
file1838.jpg,/mnt/hdd/projects/smile_detection/data/processed/smile/file1838.jpg,1,1,1,3.4095890005119145
file0756.jpg,/mnt/hdd/projects/smile_detection/data/processed/smile/file0756.jpg,1,1,0,2.9831489991920535
file1835.jpg,/mnt/hdd/projects/smile_detection/data/processed/smile/file1835.jpg,1,1,1,2.97904399849358
file3889.jpg,/mnt/hdd/projects/smile_detection/data/processed/non_smile/file3889.jpg,1,0,0,3.0993999971542507
file2772.jpg,/mnt/hdd/projects/smile_detection/data/processed/non_smile/file2772.jpg,1,0,0,3.039259998331545
file1337.jpg,/mnt/hdd/projects/smile_detection/data/processed/smile/file1337.jpg,1,1,1,3.0996370005595963
file2149.jpg,/mnt/hdd/projects/smile_detection/data/processed/smile/file2149.jpg,1,1,1,3.0210900004021823
file2010.jpg,/mnt/hdd/projects/smile_detection/data/processed/smile/file2010.jpg,1,1,1,3.077001998462947
file3563.jpg,/mnt/hdd/projects/smile_detection/data/processed/non_smile/file3563.jpg,1,0,0,3.0940709984861314
file0520.jpg,/mnt/hdd/projects/smile_detection/data/processed/smile/file0520.jpg,1,1,0,2.925774999312125
file1960.jpg,/mnt/hdd/projects/smile_detection/data/processed/smile/file1960.jpg,1,1,1,3.000355001859134
file0430.jpg,/mnt/hdd/projects/smile_detection/data/processed/smile/file0430.jpg,1,1,1,3.093589999480173
file0347.jpg,/mnt/hdd/projects/smile_detection/data/processed/smile/file0347.jpg,1,1,1,2.917050001997268
file1240.jpg,/mnt/hdd/projects/smile_detection/data/processed/smile/file1240.jpg,1,1,0,2.918264999607345
file1631.jpg,/mnt/hdd/projects/smile_detection/data/processed/smile/file1631.jpg,1,1,1,2.844146998540964
file3057.jpg,/mnt/hdd/projects/smile_detection/data/processed/non_smile/file3057.jpg,1,0,0,3.0152859981171787
file2860.jpg,/mnt/hdd/projects/smile_detection/data/processed/non_smile/file2860.jpg,1,0,0,3.25789300040924
file0314.jpg,/mnt/hdd/projects/smile_detection/data/processed/smile/file0314.jpg,1,1,1,2.944848998595262
file3685.jpg,/mnt/hdd/projects/smile_detection/data/processed/non_smile/file3685.jpg,1,0,0,2.9325949981284793
file2423.jpg,/mnt/hdd/projects/smile_detection/data/processed/non_smile/file2423.jpg,1,0,0,2.8783630004909355
file3441.jpg,/mnt/hdd/projects/smile_detection/data/processed/non_smile/file3441.jpg,1,0,0,2.9732619987044018
file3614.jpg,/mnt/hdd/projects/smile_detection/data/processed/non_smile/file3614.jpg,1,0,0,3.0674139998154715
file3239.jpg,/mnt/hdd/projects/smile_detection/data/processed/non_smile/file3239.jpg,1,0,0,3.0806729992036708
file2048.jpg,/mnt/hdd/projects/smile_detection/data/processed/smile/file2048.jpg,1,1,1,2.939047000836581
file3672.jpg,/mnt/hdd/projects/smile_detection/data/processed/non_smile/file3672.jpg,1,0,1,2.8593780007213354
file3690.jpg,/mnt/hdd/projects/smile_detection/data/processed/non_smile/file3690.jpg,1,0,0,2.9354880025493912
file2571.jpg,/mnt/hdd/projects/smile_detection/data/processed/non_smile/file2571.jpg,1,0,0,3.0026369968254585
file1622.jpg,/mnt/hdd/projects/smile_detection/data/processed/smile/file1622.jpg,1,1,1,3.1270830004359595
file3457.jpg,/mnt/hdd/projects/smile_detection/data/processed/non_smile/file3457.jpg,1,0,0,3.08897500144667
file3311.jpg,/mnt/hdd/projects/smile_detection/data/processed/non_smile/file3311.jpg,1,0,0,3.0194720020517707
file2557.jpg,/mnt/hdd/projects/smile_detection/data/processed/non_smile/file2557.jpg,1,0,0,3.1438579972018488
file3816.jpg,/mnt/hdd/projects/smile_detection/data/processed/non_smile/file3816.jpg,1,0,0,2.927771998656681
file1334.jpg,/mnt/hdd/projects/smile_detection/data/processed/smile/file1334.jpg,1,1,1,2.898434002418071
file1066.jpg,/mnt/hdd/projects/smile_detection/data/processed/smile/file1066.jpg,1,1,1,2.8602519996638875
file3944.jpg,/mnt/hdd/projects/smile_detection/data/processed/non_smile/file3944.jpg,1,0,0,2.7336559978721198
file3565.jpg,/mnt/hdd/projects/smile_detection/data/processed/non_smile/file3565.jpg,1,0,0,2.7661120002449024
file0352.jpg,/mnt/hdd/projects/smile_detection/data/processed/smile/file0352.jpg,1,1,1,2.8448459997889586
file2637.jpg,/mnt/hdd/projects/smile_detection/data/processed/non_smile/file2637.jpg,1,0,0,2.7545830016606487
file1798.jpg,/mnt/hdd/projects/smile_detection/data/processed/smile/file1798.jpg,1,1,1,2.8900709985464346
file3257.jpg,/mnt/hdd/projects/smile_detection/data/processed/non_smile/file3257.jpg,1,0,0,3.2697249989723787
file2892.jpg,/mnt/hdd/projects/smile_detection/data/processed/non_smile/file2892.jpg,1,0,0,2.862902998458594
file0305.jpg,/mnt/hdd/projects/smile_detection/data/processed/smile/file0305.jpg,1,1,1,2.8235720019438304
file3571.jpg,/mnt/hdd/projects/smile_detection/data/processed/non_smile/file3571.jpg,1,0,0,2.823591999913333
file2812.jpg,/mnt/hdd/projects/smile_detection/data/processed/non_smile/file2812.jpg,1,0,1,2.799303001665976
file1517.jpg,/mnt/hdd/projects/smile_detection/data/processed/smile/file1517.jpg,1,1,1,2.7894820013898425
file3305.jpg,/mnt/hdd/projects/smile_detection/data/processed/non_smile/file3305.jpg,1,0,0,2.861080000002403
file2567.jpg,/mnt/hdd/projects/smile_detection/data/processed/non_smile/file2567.jpg,1,0,0,2.8377150010783225
file0803.jpg,/mnt/hdd/projects/smile_detection/data/processed/smile/file0803.jpg,1,1,0,2.824698000040371
file0982.jpg,/mnt/hdd/projects/smile_detection/data/processed/smile/file0982.jpg,1,1,1,3.0690870007674675
file0795.jpg,/mnt/hdd/projects/smile_detection/data/processed/smile/file0795.jpg,1,1,1,2.9906070012657437
file3585.jpg,/mnt/hdd/projects/smile_detection/data/processed/non_smile/file3585.jpg,1,0,1,3.0517670020344667
file3318.jpg,/mnt/hdd/projects/smile_detection/data/processed/non_smile/file3318.jpg,1,0,0,2.943553998193238
file1649.jpg,/mnt/hdd/projects/smile_detection/data/processed/smile/file1649.jpg,1,1,0,2.8027189982822165
file0302.jpg,/mnt/hdd/projects/smile_detection/data/processed/smile/file0302.jpg,1,1,1,2.843340000254102
file1451.jpg,/mnt/hdd/projects/smile_detection/data/processed/smile/file1451.jpg,1,1,1,2.932260998932179
file3825.jpg,/mnt/hdd/projects/smile_detection/data/processed/non_smile/file3825.jpg,1,0,0,3.0495760001940653
file1217.jpg,/mnt/hdd/projects/smile_detection/data/processed/smile/file1217.jpg,1,1,1,2.9745699976047035
file1108.jpg,/mnt/hdd/projects/smile_detection/data/processed/smile/file1108.jpg,1,1,1,2.8499180007202085
file2370.jpg,/mnt/hdd/projects/smile_detection/data/processed/non_smile/file2370.jpg,1,0,0,2.9273629988892935
file2065.jpg,/mnt/hdd/projects/smile_detection/data/processed/smile/file2065.jpg,1,1,1,2.821532998495968
file1391.jpg,/mnt/hdd/projects/smile_detection/data/processed/smile/file1391.jpg,1,1,1,2.7402960004110355
file2728.jpg,/mnt/hdd/projects/smile_detection/data/processed/non_smile/file2728.jpg,1,0,0,2.9169500012358185
file3886.jpg,/mnt/hdd/projects/smile_detection/data/processed/non_smile/file3886.jpg,1,0,0,2.8494870020949747
file2630.jpg,/mnt/hdd/projects/smile_detection/data/processed/non_smile/file2630.jpg,1,0,0,2.8077589995518792
file3502.jpg,/mnt/hdd/projects/smile_detection/data/processed/non_smile/file3502.jpg,1,0,1,2.7768459985964
file0843.jpg,/mnt/hdd/projects/smile_detection/data/processed/smile/file0843.jpg,1,1,1,2.8558269987115636
file1235.jpg,/mnt/hdd/projects/smile_detection/data/processed/smile/file1235.jpg,1,1,1,2.799694997520419
file1889.jpg,/mnt/hdd/projects/smile_detection/data/processed/smile/file1889.jpg,1,1,1,2.8095419984310865
file1824.jpg,/mnt/hdd/projects/smile_detection/data/processed/smile/file1824.jpg,1,1,1,2.808306999213528
file3133.jpg,/mnt/hdd/projects/smile_detection/data/processed/non_smile/file3133.jpg,1,0,0,2.78457600143156
file1815.jpg,/mnt/hdd/projects/smile_detection/data/processed/smile/file1815.jpg,1,1,0,15.611489001457812
file2077.jpg,/mnt/hdd/projects/smile_detection/data/processed/smile/file2077.jpg,1,1,1,2.750992000073893
file3762.jpg,/mnt/hdd/projects/smile_detection/data/processed/non_smile/file3762.jpg,1,0,0,2.920293001807295
file0750.jpg,/mnt/hdd/projects/smile_detection/data/processed/smile/file0750.jpg,1,1,1,2.789774000120815
file1156.jpg,/mnt/hdd/projects/smile_detection/data/processed/smile/file1156.jpg,1,1,1,2.8329890010354575
file1256.jpg,/mnt/hdd/projects/smile_detection/data/processed/smile/file1256.jpg,1,1,1,2.736465998168569
file1660.jpg,/mnt/hdd/projects/smile_detection/data/processed/smile/file1660.jpg,1,1,1,2.844182999979239
file2734.jpg,/mnt/hdd/projects/smile_detection/data/processed/non_smile/file2734.jpg,1,0,0,2.8960249983356334
file0309.jpg,/mnt/hdd/projects/smile_detection/data/processed/smile/file0309.jpg,1,1,1,2.8617719981411938
file0828.jpg,/mnt/hdd/projects/smile_detection/data/processed/smile/file0828.jpg,1,1,1,2.770480001345277
file2130.jpg,/mnt/hdd/projects/smile_detection/data/processed/smile/file2130.jpg,1,1,1,2.9124530010449234
file3907.jpg,/mnt/hdd/projects/smile_detection/data/processed/non_smile/file3907.jpg,1,0,0,2.841782999894349
file1032.jpg,/mnt/hdd/projects/smile_detection/data/processed/smile/file1032.jpg,1,1,1,2.80464400202618
file0271.jpg,/mnt/hdd/projects/smile_detection/data/processed/smile/file0271.jpg,1,1,1,2.9403280022961553
file2358.jpg,/mnt/hdd/projects/smile_detection/data/processed/non_smile/file2358.jpg,1,0,0,2.868594998290064
file1697.jpg,/mnt/hdd/projects/smile_detection/data/processed/smile/file1697.jpg,1,1,1,2.8548420013976283
file0012.jpg,/mnt/hdd/projects/smile_detection/data/processed/smile/file0012.jpg,1,1,1,2.7733100032492075
file0481.jpg,/mnt/hdd/projects/smile_detection/data/processed/smile/file0481.jpg,1,1,1,2.7944089997617994
file3601.jpg,/mnt/hdd/projects/smile_detection/data/processed/non_smile/file3601.jpg,1,0,0,2.691853998840088
file1617.jpg,/mnt/hdd/projects/smile_detection/data/processed/smile/file1617.jpg,1,1,1,2.8593400020326953
file3734.jpg,/mnt/hdd/projects/smile_detection/data/processed/non_smile/file3734.jpg,1,0,0,2.854291000403464
file1180.jpg,/mnt/hdd/projects/smile_detection/data/processed/smile/file1180.jpg,1,1,0,2.898180999181932
file3270.jpg,/mnt/hdd/projects/smile_detection/data/processed/non_smile/file3270.jpg,1,0,0,2.7316800005792174
file1177.jpg,/mnt/hdd/projects/smile_detection/data/processed/smile/file1177.jpg,1,1,1,2.7907080002478324
file1537.jpg,/mnt/hdd/projects/smile_detection/data/processed/smile/file1537.jpg,1,1,1,2.7887289979844354
file2411.jpg,/mnt/hdd/projects/smile_detection/data/processed/non_smile/file2411.jpg,1,0,0,2.727242997934809
file0014.jpg,/mnt/hdd/projects/smile_detection/data/processed/smile/file0014.jpg,1,1,1,2.686784999241354
file2449.jpg,/mnt/hdd/projects/smile_detection/data/processed/non_smile/file2449.jpg,1,0,0,2.7921990003960673
file3774.jpg,/mnt/hdd/projects/smile_detection/data/processed/non_smile/file3774.jpg,1,0,1,2.773342999716988
file2366.jpg,/mnt/hdd/projects/smile_detection/data/processed/non_smile/file2366.jpg,1,0,0,2.798352001263993
file3697.jpg,/mnt/hdd/projects/smile_detection/data/processed/non_smile/file3697.jpg,1,0,0,3.099236997513799
file3659.jpg,/mnt/hdd/projects/smile_detection/data/processed/non_smile/file3659.jpg,1,0,0,3.0748579993087333
file3369.jpg,/mnt/hdd/projects/smile_detection/data/processed/non_smile/file3369.jpg,1,0,0,2.9582130009657703
file3584.jpg,/mnt/hdd/projects/smile_detection/data/processed/non_smile/file3584.jpg,1,0,0,2.898778002418112
file3193.jpg,/mnt/hdd/projects/smile_detection/data/processed/non_smile/file3193.jpg,1,0,0,2.8843469990533777
file2266.jpg,/mnt/hdd/projects/smile_detection/data/processed/non_smile/file2266.jpg,1,0,0,2.812190999975428
file1116.jpg,/mnt/hdd/projects/smile_detection/data/processed/smile/file1116.jpg,1,1,1,2.8815600016969256
file1397.jpg,/mnt/hdd/projects/smile_detection/data/processed/smile/file1397.jpg,1,1,1,2.92036700193421
file1865.jpg,/mnt/hdd/projects/smile_detection/data/processed/smile/file1865.jpg,1,1,1,2.7665279994835146
file3546.jpg,/mnt/hdd/projects/smile_detection/data/processed/non_smile/file3546.jpg,1,0,0,2.756903999397764
file0147.jpg,/mnt/hdd/projects/smile_detection/data/processed/smile/file0147.jpg,1,1,0,2.8281160011829343
file2335.jpg,/mnt/hdd/projects/smile_detection/data/processed/non_smile/file2335.jpg,1,0,0,2.967454998724861
file1012.jpg,/mnt/hdd/projects/smile_detection/data/processed/smile/file1012.jpg,1,1,1,2.9615710009238683
file3481.jpg,/mnt/hdd/projects/smile_detection/data/processed/non_smile/file3481.jpg,1,0,0,2.8925080005137715
file1679.jpg,/mnt/hdd/projects/smile_detection/data/processed/smile/file1679.jpg,1,1,1,2.9294269988895394
file0752.jpg,/mnt/hdd/projects/smile_detection/data/processed/smile/file0752.jpg,1,1,1,2.8600650002772454
file2588.jpg,/mnt/hdd/projects/smile_detection/data/processed/non_smile/file2588.jpg,1,0,0,3.1238539995683823
file2915.jpg,/mnt/hdd/projects/smile_detection/data/processed/non_smile/file2915.jpg,1,0,1,3.01664200014784
file0457.jpg,/mnt/hdd/projects/smile_detection/data/processed/smile/file0457.jpg,1,1,1,3.0875410011503845
file1070.jpg,/mnt/hdd/projects/smile_detection/data/processed/smile/file1070.jpg,1,1,1,3.1193750000966247
file0330.jpg,/mnt/hdd/projects/smile_detection/data/processed/smile/file0330.jpg,1,1,0,3.077034998568706
file1378.jpg,/mnt/hdd/projects/smile_detection/data/processed/smile/file1378.jpg,1,1,1,3.1460790014534723
file0815.jpg,/mnt/hdd/projects/smile_detection/data/processed/smile/file0815.jpg,1,1,1,3.1833600005484186
file1485.jpg,/mnt/hdd/projects/smile_detection/data/processed/smile/file1485.jpg,1,1,1,2.983473001222592
file0648.jpg,/mnt/hdd/projects/smile_detection/data/processed/smile/file0648.jpg,1,1,1,2.8338560005067848
file0687.jpg,/mnt/hdd/projects/smile_detection/data/processed/smile/file0687.jpg,1,1,1,2.812080998410238
file0050.jpg,/mnt/hdd/projects/smile_detection/data/processed/smile/file0050.jpg,1,1,1,2.842229001544183
file1398.jpg,/mnt/hdd/projects/smile_detection/data/processed/smile/file1398.jpg,1,1,1,3.094039999268716
file3361.jpg,/mnt/hdd/projects/smile_detection/data/processed/non_smile/file3361.jpg,1,0,0,2.8039049975632224
file3284.jpg,/mnt/hdd/projects/smile_detection/data/processed/non_smile/file3284.jpg,1,0,1,2.71110300309374
file2039.jpg,/mnt/hdd/projects/smile_detection/data/processed/smile/file2039.jpg,1,1,1,2.7659110019158106
file2060.jpg,/mnt/hdd/projects/smile_detection/data/processed/smile/file2060.jpg,1,1,0,2.8766089999407995
file1755.jpg,/mnt/hdd/projects/smile_detection/data/processed/smile/file1755.jpg,1,1,1,2.980340999783948
file1868.jpg,/mnt/hdd/projects/smile_detection/data/processed/smile/file1868.jpg,1,1,1,2.9841050018148962
file3051.jpg,/mnt/hdd/projects/smile_detection/data/processed/non_smile/file3051.jpg,1,0,0,2.897482998378109
file1369.jpg,/mnt/hdd/projects/smile_detection/data/processed/smile/file1369.jpg,1,1,1,2.8570599970407784
file2095.jpg,/mnt/hdd/projects/smile_detection/data/processed/smile/file2095.jpg,1,1,1,2.7380850006011315
file3030.jpg,/mnt/hdd/projects/smile_detection/data/processed/non_smile/file3030.jpg,1,0,0,2.6994260006176773
file3423.jpg,/mnt/hdd/projects/smile_detection/data/processed/non_smile/file3423.jpg,1,0,0,2.8207840005052276
file2075.jpg,/mnt/hdd/projects/smile_detection/data/processed/smile/file2075.jpg,1,1,1,2.941185997769935
file3705.jpg,/mnt/hdd/projects/smile_detection/data/processed/non_smile/file3705.jpg,1,0,0,2.8356870025163516
file2795.jpg,/mnt/hdd/projects/smile_detection/data/processed/non_smile/file2795.jpg,1,0,1,2.751445001194952
file0673.jpg,/mnt/hdd/projects/smile_detection/data/processed/smile/file0673.jpg,1,1,1,2.7780380005424377
file3891.jpg,/mnt/hdd/projects/smile_detection/data/processed/non_smile/file3891.jpg,1,0,0,2.830465997249121
file0669.jpg,/mnt/hdd/projects/smile_detection/data/processed/smile/file0669.jpg,1,1,1,2.9708389993174933
file1760.jpg,/mnt/hdd/projects/smile_detection/data/processed/smile/file1760.jpg,1,1,1,2.754684999672463
file3573.jpg,/mnt/hdd/projects/smile_detection/data/processed/non_smile/file3573.jpg,1,0,0,2.771776998997666
file2576.jpg,/mnt/hdd/projects/smile_detection/data/processed/non_smile/file2576.jpg,1,0,0,2.805471001920523
file3333.jpg,/mnt/hdd/projects/smile_detection/data/processed/non_smile/file3333.jpg,1,0,0,2.7144880004925653
file0690.jpg,/mnt/hdd/projects/smile_detection/data/processed/smile/file0690.jpg,1,1,0,2.7355259990144987
file0915.jpg,/mnt/hdd/projects/smile_detection/data/processed/smile/file0915.jpg,1,1,1,2.9007449993514456
file2135.jpg,/mnt/hdd/projects/smile_detection/data/processed/smile/file2135.jpg,1,1,1,2.8464540009736083
file1333.jpg,/mnt/hdd/projects/smile_detection/data/processed/smile/file1333.jpg,1,1,0,2.784743999654893
file2942.jpg,/mnt/hdd/projects/smile_detection/data/processed/non_smile/file2942.jpg,1,0,0,2.6842480001505464
file1016.jpg,/mnt/hdd/projects/smile_detection/data/processed/smile/file1016.jpg,1,1,0,2.7583640003285836
file2924.jpg,/mnt/hdd/projects/smile_detection/data/processed/non_smile/file2924.jpg,1,0,0,2.778820999083109
file0363.jpg,/mnt/hdd/projects/smile_detection/data/processed/smile/file0363.jpg,1,1,1,2.976112002215814
file2634.jpg,/mnt/hdd/projects/smile_detection/data/processed/non_smile/file2634.jpg,1,0,1,2.8959410010429565
file1508.jpg,/mnt/hdd/projects/smile_detection/data/processed/smile/file1508.jpg,1,1,1,2.7836469998874236
file1716.jpg,/mnt/hdd/projects/smile_detection/data/processed/smile/file1716.jpg,1,1,1,2.7361070024198852
file2271.jpg,/mnt/hdd/projects/smile_detection/data/processed/non_smile/file2271.jpg,1,0,0,2.7692869989550672
file3792.jpg,/mnt/hdd/projects/smile_detection/data/processed/non_smile/file3792.jpg,1,0,1,2.7019509980164003
file0409.jpg,/mnt/hdd/projects/smile_detection/data/processed/smile/file0409.jpg,1,1,1,2.8523549990495667
file1364.jpg,/mnt/hdd/projects/smile_detection/data/processed/smile/file1364.jpg,1,1,0,2.9043960021226667
file0514.jpg,/mnt/hdd/projects/smile_detection/data/processed/smile/file0514.jpg,1,1,1,2.7652249991660938
file3134.jpg,/mnt/hdd/projects/smile_detection/data/processed/non_smile/file3134.jpg,1,0,0,2.7867280005011708
file3676.jpg,/mnt/hdd/projects/smile_detection/data/processed/non_smile/file3676.jpg,1,0,0,2.7967900023213588
file3795.jpg,/mnt/hdd/projects/smile_detection/data/processed/non_smile/file3795.jpg,1,0,0,2.7621330009424128
file3496.jpg,/mnt/hdd/projects/smile_detection/data/processed/non_smile/file3496.jpg,1,0,0,2.837586998793995
file0130.jpg,/mnt/hdd/projects/smile_detection/data/processed/smile/file0130.jpg,1,1,0,2.9285050004546065
file0721.jpg,/mnt/hdd/projects/smile_detection/data/processed/smile/file0721.jpg,1,1,1,2.8224220004631206
file1357.jpg,/mnt/hdd/projects/smile_detection/data/processed/smile/file1357.jpg,1,1,0,2.7540549999685027
file1153.jpg,/mnt/hdd/projects/smile_detection/data/processed/smile/file1153.jpg,1,1,0,2.8356580005493015
file1487.jpg,/mnt/hdd/projects/smile_detection/data/processed/smile/file1487.jpg,1,1,1,2.7125759988848586
file0462.jpg,/mnt/hdd/projects/smile_detection/data/processed/smile/file0462.jpg,1,1,1,2.9050949997326825
file1310.jpg,/mnt/hdd/projects/smile_detection/data/processed/smile/file1310.jpg,1,1,1,2.8454960011004005
file2007.jpg,/mnt/hdd/projects/smile_detection/data/processed/smile/file2007.jpg,1,1,1,2.852220000931993
file3757.jpg,/mnt/hdd/projects/smile_detection/data/processed/non_smile/file3757.jpg,1,0,0,2.6793029974214733
file3997.jpg,/mnt/hdd/projects/smile_detection/data/processed/non_smile/file3997.jpg,1,0,1,2.703938000195194
file2356.jpg,/mnt/hdd/projects/smile_detection/data/processed/non_smile/file2356.jpg,1,0,0,2.9130939983588178
file3627.jpg,/mnt/hdd/projects/smile_detection/data/processed/non_smile/file3627.jpg,1,0,1,2.7680179991875775
file3129.jpg,/mnt/hdd/projects/smile_detection/data/processed/non_smile/file3129.jpg,1,0,0,2.778284000669373
file2281.jpg,/mnt/hdd/projects/smile_detection/data/processed/non_smile/file2281.jpg,1,0,0,2.682366997760255
file3202.jpg,/mnt/hdd/projects/smile_detection/data/processed/non_smile/file3202.jpg,1,0,0,2.7701590006472543
file3195.jpg,/mnt/hdd/projects/smile_detection/data/processed/non_smile/file3195.jpg,1,0,0,2.756293000857113
file2089.jpg,/mnt/hdd/projects/smile_detection/data/processed/smile/file2089.jpg,1,1,1,2.8910689979966264
file2967.jpg,/mnt/hdd/projects/smile_detection/data/processed/non_smile/file2967.jpg,1,0,0,3.1716150006104726
file3863.jpg,/mnt/hdd/projects/smile_detection/data/processed/non_smile/file3863.jpg,1,0,0,2.8895630020997487
file2948.jpg,/mnt/hdd/projects/smile_detection/data/processed/non_smile/file2948.jpg,1,0,0,2.7877360007551033
file2049.jpg,/mnt/hdd/projects/smile_detection/data/processed/smile/file2049.jpg,1,1,1,2.6240270017297007
file2815.jpg,/mnt/hdd/projects/smile_detection/data/processed/non_smile/file2815.jpg,1,0,1,2.6636490001692437
file3169.jpg,/mnt/hdd/projects/smile_detection/data/processed/non_smile/file3169.jpg,1,0,0,2.6827939982467797
file1279.jpg,/mnt/hdd/projects/smile_detection/data/processed/smile/file1279.jpg,1,1,1,2.8346629987936467
file1415.jpg,/mnt/hdd/projects/smile_detection/data/processed/smile/file1415.jpg,1,1,1,2.853259000403341
file1489.jpg,/mnt/hdd/projects/smile_detection/data/processed/smile/file1489.jpg,1,1,1,2.823857001203578
file3849.jpg,/mnt/hdd/projects/smile_detection/data/processed/non_smile/file3849.jpg,1,0,0,2.739662999374559
file0087.jpg,/mnt/hdd/projects/smile_detection/data/processed/smile/file0087.jpg,1,1,0,2.8479869979491923
file2399.jpg,/mnt/hdd/projects/smile_detection/data/processed/non_smile/file2399.jpg,1,0,0,2.78729499768815
file3656.jpg,/mnt/hdd/projects/smile_detection/data/processed/non_smile/file3656.jpg,1,0,0,2.7783820005424786
file1642.jpg,/mnt/hdd/projects/smile_detection/data/processed/smile/file1642.jpg,1,1,1,2.7867079988936894
file0730.jpg,/mnt/hdd/projects/smile_detection/data/processed/smile/file0730.jpg,1,1,1,2.8550640017783735
file1015.jpg,/mnt/hdd/projects/smile_detection/data/processed/smile/file1015.jpg,1,1,1,2.8934559995832387
file2199.jpg,/mnt/hdd/projects/smile_detection/data/processed/non_smile/file2199.jpg,1,0,0,2.7889049997611437
file2856.jpg,/mnt/hdd/projects/smile_detection/data/processed/non_smile/file2856.jpg,1,0,0,2.8692820014839526
file3776.jpg,/mnt/hdd/projects/smile_detection/data/processed/non_smile/file3776.jpg,1,0,0,2.8844120024587028
file1351.jpg,/mnt/hdd/projects/smile_detection/data/processed/smile/file1351.jpg,1,1,1,2.8589309986273292
file2804.jpg,/mnt/hdd/projects/smile_detection/data/processed/non_smile/file2804.jpg,1,0,0,2.9198180018283892
file0800.jpg,/mnt/hdd/projects/smile_detection/data/processed/smile/file0800.jpg,1,1,0,2.827439999236958
file1283.jpg,/mnt/hdd/projects/smile_detection/data/processed/smile/file1283.jpg,1,1,0,2.778490998025518
file1192.jpg,/mnt/hdd/projects/smile_detection/data/processed/smile/file1192.jpg,1,1,1,2.7201229968341067
file0668.jpg,/mnt/hdd/projects/smile_detection/data/processed/smile/file0668.jpg,1,1,1,2.7784279991465155
file1237.jpg,/mnt/hdd/projects/smile_detection/data/processed/smile/file1237.jpg,1,1,1,2.6250289993186016
file2131.jpg,/mnt/hdd/projects/smile_detection/data/processed/smile/file2131.jpg,1,1,1,2.9350240001804195
file2995.jpg,/mnt/hdd/projects/smile_detection/data/processed/non_smile/file2995.jpg,1,0,0,3.005742000823375
file3087.jpg,/mnt/hdd/projects/smile_detection/data/processed/non_smile/file3087.jpg,1,0,0,2.9288160003488883
file3982.jpg,/mnt/hdd/projects/smile_detection/data/processed/non_smile/file3982.jpg,1,0,0,2.8369899991957936
file1601.jpg,/mnt/hdd/projects/smile_detection/data/processed/smile/file1601.jpg,1,1,1,2.792053001030581
file0624.jpg,/mnt/hdd/projects/smile_detection/data/processed/smile/file0624.jpg,1,1,1,2.745843998127384
file0498.jpg,/mnt/hdd/projects/smile_detection/data/processed/smile/file0498.jpg,1,1,1,2.7857139975822065
file1647.jpg,/mnt/hdd/projects/smile_detection/data/processed/smile/file1647.jpg,1,1,1,3.081652001128532
file0051.jpg,/mnt/hdd/projects/smile_detection/data/processed/smile/file0051.jpg,1,1,1,3.061908999370644
file0299.jpg,/mnt/hdd/projects/smile_detection/data/processed/smile/file0299.jpg,1,1,1,2.745853998931125
file1134.jpg,/mnt/hdd/projects/smile_detection/data/processed/smile/file1134.jpg,1,1,1,2.7693090014508925
file1297.jpg,/mnt/hdd/projects/smile_detection/data/processed/smile/file1297.jpg,1,1,1,2.7113989999634214
file3279.jpg,/mnt/hdd/projects/smile_detection/data/processed/non_smile/file3279.jpg,1,0,0,2.699240001675207
file3219.jpg,/mnt/hdd/projects/smile_detection/data/processed/non_smile/file3219.jpg,1,0,0,2.848487998562632
file2181.jpg,/mnt/hdd/projects/smile_detection/data/processed/smile/file2181.jpg,1,1,0,2.911364001192851
file3952.jpg,/mnt/hdd/projects/smile_detection/data/processed/non_smile/file3952.jpg,1,0,0,2.8624299993680324
file1843.jpg,/mnt/hdd/projects/smile_detection/data/processed/smile/file1843.jpg,1,1,1,2.6591470013954677
file3615.jpg,/mnt/hdd/projects/smile_detection/data/processed/non_smile/file3615.jpg,1,0,0,2.973904000100447
file1034.jpg,/mnt/hdd/projects/smile_detection/data/processed/smile/file1034.jpg,1,1,1,2.938895999250235
file3897.jpg,/mnt/hdd/projects/smile_detection/data/processed/non_smile/file3897.jpg,1,0,0,2.903694999986328
file3677.jpg,/mnt/hdd/projects/smile_detection/data/processed/non_smile/file3677.jpg,1,0,0,3.0294399984995835
file3883.jpg,/mnt/hdd/projects/smile_detection/data/processed/non_smile/file3883.jpg,1,0,0,2.9870779981138185
file0981.jpg,/mnt/hdd/projects/smile_detection/data/processed/smile/file0981.jpg,1,1,1,2.744733999861637
file2375.jpg,/mnt/hdd/projects/smile_detection/data/processed/non_smile/file2375.jpg,1,0,0,2.8995389984629583
file0633.jpg,/mnt/hdd/projects/smile_detection/data/processed/smile/file0633.jpg,1,1,1,3.0073289999563713
file1598.jpg,/mnt/hdd/projects/smile_detection/data/processed/smile/file1598.jpg,1,1,1,3.0572789983125404
file1806.jpg,/mnt/hdd/projects/smile_detection/data/processed/smile/file1806.jpg,1,1,1,2.988643002026947
file3065.jpg,/mnt/hdd/projects/smile_detection/data/processed/non_smile/file3065.jpg,1,0,0,2.8798800012737047
file1944.jpg,/mnt/hdd/projects/smile_detection/data/processed/smile/file1944.jpg,1,1,0,2.851809000276262
file2712.jpg,/mnt/hdd/projects/smile_detection/data/processed/non_smile/file2712.jpg,1,0,1,2.9198480006016325
file2463.jpg,/mnt/hdd/projects/smile_detection/data/processed/non_smile/file2463.jpg,1,0,0,3.0345480008691084
file1494.jpg,/mnt/hdd/projects/smile_detection/data/processed/smile/file1494.jpg,1,1,1,3.0003329993633088
file1208.jpg,/mnt/hdd/projects/smile_detection/data/processed/smile/file1208.jpg,1,1,1,2.9010200014454313
file0507.jpg,/mnt/hdd/projects/smile_detection/data/processed/smile/file0507.jpg,1,1,1,2.818748998834053
file2882.jpg,/mnt/hdd/projects/smile_detection/data/processed/non_smile/file2882.jpg,1,0,0,3.0239030020311475
file2681.jpg,/mnt/hdd/projects/smile_detection/data/processed/non_smile/file2681.jpg,1,0,0,3.0211660014174413
file2303.jpg,/mnt/hdd/projects/smile_detection/data/processed/non_smile/file2303.jpg,1,0,0,2.9760850011371076
file2737.jpg,/mnt/hdd/projects/smile_detection/data/processed/non_smile/file2737.jpg,1,0,0,2.889984996727435
file2136.jpg,/mnt/hdd/projects/smile_detection/data/processed/smile/file2136.jpg,1,1,0,5.394498999521602
file0534.jpg,/mnt/hdd/projects/smile_detection/data/processed/smile/file0534.jpg,1,1,1,2.9483329999493435
file0909.jpg,/mnt/hdd/projects/smile_detection/data/processed/smile/file0909.jpg,1,1,1,2.89984999835724
file0304.jpg,/mnt/hdd/projects/smile_detection/data/processed/smile/file0304.jpg,1,1,1,2.982103000249481
file1200.jpg,/mnt/hdd/projects/smile_detection/data/processed/smile/file1200.jpg,1,1,1,3.207139001460746
file1374.jpg,/mnt/hdd/projects/smile_detection/data/processed/smile/file1374.jpg,1,1,1,3.0590269998356234
file2376.jpg,/mnt/hdd/projects/smile_detection/data/processed/non_smile/file2376.jpg,1,0,0,3.0008780013304204
file1638.jpg,/mnt/hdd/projects/smile_detection/data/processed/smile/file1638.jpg,1,1,1,3.27946900142706
file0022.jpg,/mnt/hdd/projects/smile_detection/data/processed/smile/file0022.jpg,1,1,1,3.140409000479849
file3146.jpg,/mnt/hdd/projects/smile_detection/data/processed/non_smile/file3146.jpg,1,0,0,2.9538150010921527
file3743.jpg,/mnt/hdd/projects/smile_detection/data/processed/non_smile/file3743.jpg,1,0,0,2.9177040014474187
file0789.jpg,/mnt/hdd/projects/smile_detection/data/processed/smile/file0789.jpg,1,1,1,2.8247380032553338
file0486.jpg,/mnt/hdd/projects/smile_detection/data/processed/smile/file0486.jpg,1,1,1,3.026172998943366
file3699.jpg,/mnt/hdd/projects/smile_detection/data/processed/non_smile/file3699.jpg,1,0,0,2.9668749994016252
file1239.jpg,/mnt/hdd/projects/smile_detection/data/processed/smile/file1239.jpg,1,1,1,2.928489000623813
file2814.jpg,/mnt/hdd/projects/smile_detection/data/processed/non_smile/file2814.jpg,1,0,0,2.8500660009740386
file3128.jpg,/mnt/hdd/projects/smile_detection/data/processed/non_smile/file3128.jpg,1,0,0,2.717826999287354
file1377.jpg,/mnt/hdd/projects/smile_detection/data/processed/smile/file1377.jpg,1,1,0,2.8160969995951746
file1365.jpg,/mnt/hdd/projects/smile_detection/data/processed/smile/file1365.jpg,1,1,0,2.9077590006636456
file2027.jpg,/mnt/hdd/projects/smile_detection/data/processed/smile/file2027.jpg,1,1,1,2.971346002595965
file3450.jpg,/mnt/hdd/projects/smile_detection/data/processed/non_smile/file3450.jpg,1,0,0,3.262764003011398
file3547.jpg,/mnt/hdd/projects/smile_detection/data/processed/non_smile/file3547.jpg,1,0,0,3.3421690022805706
file2988.jpg,/mnt/hdd/projects/smile_detection/data/processed/non_smile/file2988.jpg,1,0,0,3.0871199996909127
file1000.jpg,/mnt/hdd/projects/smile_detection/data/processed/smile/file1000.jpg,1,1,1,2.9955060017528012
file0593.jpg,/mnt/hdd/projects/smile_detection/data/processed/smile/file0593.jpg,1,1,1,2.9628169977513608
file0634.jpg,/mnt/hdd/projects/smile_detection/data/processed/smile/file0634.jpg,1,1,1,2.915445002145134
file1924.jpg,/mnt/hdd/projects/smile_detection/data/processed/smile/file1924.jpg,1,1,0,2.8813729986723047
file2185.jpg,/mnt/hdd/projects/smile_detection/data/processed/non_smile/file2185.jpg,1,0,0,2.7669929986586794
file0950.jpg,/mnt/hdd/projects/smile_detection/data/processed/smile/file0950.jpg,1,1,1,2.732188000663882
file3432.jpg,/mnt/hdd/projects/smile_detection/data/processed/non_smile/file3432.jpg,1,0,0,2.776695000648033
file3861.jpg,/mnt/hdd/projects/smile_detection/data/processed/non_smile/file3861.jpg,1,0,1,3.019394996954361
file3544.jpg,/mnt/hdd/projects/smile_detection/data/processed/non_smile/file3544.jpg,1,0,0,2.914763997978298
file1455.jpg,/mnt/hdd/projects/smile_detection/data/processed/smile/file1455.jpg,1,1,1,2.8942649987584446
file0897.jpg,/mnt/hdd/projects/smile_detection/data/processed/smile/file0897.jpg,1,1,1,2.918843001680216
file1320.jpg,/mnt/hdd/projects/smile_detection/data/processed/smile/file1320.jpg,1,1,1,3.0185579998942558
file3900.jpg,/mnt/hdd/projects/smile_detection/data/processed/non_smile/file3900.jpg,1,0,0,3.012982000655029
file0157.jpg,/mnt/hdd/projects/smile_detection/data/processed/smile/file0157.jpg,1,1,1,3.164510999340564
file0529.jpg,/mnt/hdd/projects/smile_detection/data/processed/smile/file0529.jpg,1,1,0,3.2212210026045796
file3619.jpg,/mnt/hdd/projects/smile_detection/data/processed/non_smile/file3619.jpg,1,0,0,3.1729940019431524
file3475.jpg,/mnt/hdd/projects/smile_detection/data/processed/non_smile/file3475.jpg,1,0,0,3.052367999771377
file2659.jpg,/mnt/hdd/projects/smile_detection/data/processed/non_smile/file2659.jpg,1,0,0,3.26544099880266
file2319.jpg,/mnt/hdd/projects/smile_detection/data/processed/non_smile/file2319.jpg,1,0,0,3.2249680007225834
file3439.jpg,/mnt/hdd/projects/smile_detection/data/processed/non_smile/file3439.jpg,1,0,0,3.460361000179546
file0865.jpg,/mnt/hdd/projects/smile_detection/data/processed/smile/file0865.jpg,1,1,1,3.5103560003335588
file1057.jpg,/mnt/hdd/projects/smile_detection/data/processed/smile/file1057.jpg,1,1,1,3.0020920021343045
file2164.jpg,/mnt/hdd/projects/smile_detection/data/processed/non_smile/file2164.jpg,1,0,0,2.932454000983853
file0674.jpg,/mnt/hdd/projects/smile_detection/data/processed/smile/file0674.jpg,1,1,1,3.0163250012265053
file3903.jpg,/mnt/hdd/projects/smile_detection/data/processed/non_smile/file3903.jpg,1,0,0,2.9630810022354126
file1819.jpg,/mnt/hdd/projects/smile_detection/data/processed/smile/file1819.jpg,1,1,1,2.932302002591314
file1081.jpg,/mnt/hdd/projects/smile_detection/data/processed/smile/file1081.jpg,1,1,1,2.8873150004073977
file1575.jpg,/mnt/hdd/projects/smile_detection/data/processed/smile/file1575.jpg,1,1,1,2.8327910004009027
file2400.jpg,/mnt/hdd/projects/smile_detection/data/processed/non_smile/file2400.jpg,1,0,1,2.765101999102626
file2949.jpg,/mnt/hdd/projects/smile_detection/data/processed/non_smile/file2949.jpg,1,0,0,3.1249910025508143
file0383.jpg,/mnt/hdd/projects/smile_detection/data/processed/smile/file0383.jpg,1,1,1,2.9985170003783423
file2573.jpg,/mnt/hdd/projects/smile_detection/data/processed/non_smile/file2573.jpg,1,0,0,3.0247040012909565
file2645.jpg,/mnt/hdd/projects/smile_detection/data/processed/non_smile/file2645.jpg,1,0,1,3.6203940035193227
file1681.jpg,/mnt/hdd/projects/smile_detection/data/processed/smile/file1681.jpg,1,1,1,2.902096002799226
file0968.jpg,/mnt/hdd/projects/smile_detection/data/processed/smile/file0968.jpg,1,1,1,2.906379999330966
file1882.jpg,/mnt/hdd/projects/smile_detection/data/processed/smile/file1882.jpg,1,1,1,2.8961970019736327
file2416.jpg,/mnt/hdd/projects/smile_detection/data/processed/non_smile/file2416.jpg,1,0,1,2.8880030004074797
file1620.jpg,/mnt/hdd/projects/smile_detection/data/processed/smile/file1620.jpg,1,1,1,4.732337998575531
file3844.jpg,/mnt/hdd/projects/smile_detection/data/processed/non_smile/file3844.jpg,1,0,0,2.7493350025906693
file1547.jpg,/mnt/hdd/projects/smile_detection/data/processed/smile/file1547.jpg,1,1,1,2.6653649983927608
file0002.jpg,/mnt/hdd/projects/smile_detection/data/processed/smile/file0002.jpg,1,1,1,2.993112000694964
file2640.jpg,/mnt/hdd/projects/smile_detection/data/processed/non_smile/file2640.jpg,1,0,0,3.3460600025136955
file0799.jpg,/mnt/hdd/projects/smile_detection/data/processed/smile/file0799.jpg,1,1,1,2.920447997894371
file2038.jpg,/mnt/hdd/projects/smile_detection/data/processed/smile/file2038.jpg,1,1,1,2.8012269976898097
file3188.jpg,/mnt/hdd/projects/smile_detection/data/processed/non_smile/file3188.jpg,1,0,0,2.783444000669988
file2939.jpg,/mnt/hdd/projects/smile_detection/data/processed/non_smile/file2939.jpg,1,0,0,2.799228001094889
file0991.jpg,/mnt/hdd/projects/smile_detection/data/processed/smile/file0991.jpg,1,1,1,2.865906000806717
file3425.jpg,/mnt/hdd/projects/smile_detection/data/processed/non_smile/file3425.jpg,1,0,0,2.8346299986878876
file1395.jpg,/mnt/hdd/projects/smile_detection/data/processed/smile/file1395.jpg,1,1,1,2.841934001480695
file0010.jpg,/mnt/hdd/projects/smile_detection/data/processed/smile/file0010.jpg,1,1,1,2.705049999349285
file3359.jpg,/mnt/hdd/projects/smile_detection/data/processed/non_smile/file3359.jpg,1,0,0,2.7571470018301625
file3714.jpg,/mnt/hdd/projects/smile_detection/data/processed/non_smile/file3714.jpg,1,0,0,2.80574600037653
file2836.jpg,/mnt/hdd/projects/smile_detection/data/processed/non_smile/file2836.jpg,1,0,0,2.947782999399351
file3673.jpg,/mnt/hdd/projects/smile_detection/data/processed/non_smile/file3673.jpg,1,0,0,2.78408000303898
file1694.jpg,/mnt/hdd/projects/smile_detection/data/processed/smile/file1694.jpg,1,1,1,2.8880179997941013
file0252.jpg,/mnt/hdd/projects/smile_detection/data/processed/smile/file0252.jpg,1,1,1,2.785110002150759
file0306.jpg,/mnt/hdd/projects/smile_detection/data/processed/smile/file0306.jpg,1,1,1,2.7793730005214456
file3102.jpg,/mnt/hdd/projects/smile_detection/data/processed/non_smile/file3102.jpg,1,0,0,2.8101169991714414
file2231.jpg,/mnt/hdd/projects/smile_detection/data/processed/non_smile/file2231.jpg,1,0,0,2.7328319993102923
file1725.jpg,/mnt/hdd/projects/smile_detection/data/processed/smile/file1725.jpg,1,1,1,2.71857899861061
file3310.jpg,/mnt/hdd/projects/smile_detection/data/processed/non_smile/file3310.jpg,1,0,1,2.787828001601156
file0401.jpg,/mnt/hdd/projects/smile_detection/data/processed/smile/file0401.jpg,1,1,1,2.7578679982980248
file3005.jpg,/mnt/hdd/projects/smile_detection/data/processed/non_smile/file3005.jpg,1,0,0,2.773645999695873
file0612.jpg,/mnt/hdd/projects/smile_detection/data/processed/smile/file0612.jpg,1,1,1,3.078405999985989
file0086.jpg,/mnt/hdd/projects/smile_detection/data/processed/smile/file0086.jpg,1,1,1,2.98606300202664
file2371.jpg,/mnt/hdd/projects/smile_detection/data/processed/non_smile/file2371.jpg,1,0,0,2.7824269964185078
file0677.jpg,/mnt/hdd/projects/smile_detection/data/processed/smile/file0677.jpg,1,1,1,2.7780039999925066
file3747.jpg,/mnt/hdd/projects/smile_detection/data/processed/non_smile/file3747.jpg,1,0,0,2.761864001513459
file1723.jpg,/mnt/hdd/projects/smile_detection/data/processed/smile/file1723.jpg,1,1,1,2.769253002043115
file1965.jpg,/mnt/hdd/projects/smile_detection/data/processed/smile/file1965.jpg,1,1,1,2.87627999932738
file0326.jpg,/mnt/hdd/projects/smile_detection/data/processed/smile/file0326.jpg,1,1,1,2.8027870030200575
file1709.jpg,/mnt/hdd/projects/smile_detection/data/processed/smile/file1709.jpg,1,1,1,2.721778000704944
file1008.jpg,/mnt/hdd/projects/smile_detection/data/processed/smile/file1008.jpg,1,1,1,2.7619120010058396
file0160.jpg,/mnt/hdd/projects/smile_detection/data/processed/smile/file0160.jpg,1,1,1,2.7841730006912258
file0488.jpg,/mnt/hdd/projects/smile_detection/data/processed/smile/file0488.jpg,1,1,0,2.8832430034526624
file2813.jpg,/mnt/hdd/projects/smile_detection/data/processed/non_smile/file2813.jpg,1,0,0,2.8242160005902406
file0623.jpg,/mnt/hdd/projects/smile_detection/data/processed/smile/file0623.jpg,1,1,1,2.7738969984056894
file0921.jpg,/mnt/hdd/projects/smile_detection/data/processed/smile/file0921.jpg,1,1,1,2.823930000886321
file1817.jpg,/mnt/hdd/projects/smile_detection/data/processed/smile/file1817.jpg,1,1,1,2.8165479998278897
file3790.jpg,/mnt/hdd/projects/smile_detection/data/processed/non_smile/file3790.jpg,1,0,1,2.738416998909088
file1121.jpg,/mnt/hdd/projects/smile_detection/data/processed/smile/file1121.jpg,1,1,0,2.882884000428021
file3529.jpg,/mnt/hdd/projects/smile_detection/data/processed/non_smile/file3529.jpg,1,0,0,2.8596420015674084
file0665.jpg,/mnt/hdd/projects/smile_detection/data/processed/smile/file0665.jpg,1,1,1,2.682901998923626
file3337.jpg,/mnt/hdd/projects/smile_detection/data/processed/non_smile/file3337.jpg,1,0,0,2.758549999271054
file0863.jpg,/mnt/hdd/projects/smile_detection/data/processed/smile/file0863.jpg,1,1,1,2.8154809988336638
file2178.jpg,/mnt/hdd/projects/smile_detection/data/processed/non_smile/file2178.jpg,1,0,0,2.732185999775538
file0338.jpg,/mnt/hdd/projects/smile_detection/data/processed/smile/file0338.jpg,1,1,1,3.0060890021559317
file1958.jpg,/mnt/hdd/projects/smile_detection/data/processed/smile/file1958.jpg,1,1,0,2.955297000880819
file1309.jpg,/mnt/hdd/projects/smile_detection/data/processed/smile/file1309.jpg,1,1,1,2.8462160007620696
file3755.jpg,/mnt/hdd/projects/smile_detection/data/processed/non_smile/file3755.jpg,1,0,0,2.8508230025181547
file3297.jpg,/mnt/hdd/projects/smile_detection/data/processed/non_smile/file3297.jpg,1,0,0,2.7326230010658037
file1140.jpg,/mnt/hdd/projects/smile_detection/data/processed/smile/file1140.jpg,1,1,1,2.8014870003971737
file3125.jpg,/mnt/hdd/projects/smile_detection/data/processed/non_smile/file3125.jpg,1,0,0,2.94831199789769
file2821.jpg,/mnt/hdd/projects/smile_detection/data/processed/non_smile/file2821.jpg,1,0,1,3.021862998139113
file3071.jpg,/mnt/hdd/projects/smile_detection/data/processed/non_smile/file3071.jpg,1,0,0,2.952623002784094
file0107.jpg,/mnt/hdd/projects/smile_detection/data/processed/smile/file0107.jpg,1,1,1,2.775845001451671
file1721.jpg,/mnt/hdd/projects/smile_detection/data/processed/smile/file1721.jpg,1,1,0,2.7402209998399485
file3931.jpg,/mnt/hdd/projects/smile_detection/data/processed/non_smile/file3931.jpg,1,0,0,2.768341000773944
file3906.jpg,/mnt/hdd/projects/smile_detection/data/processed/non_smile/file3906.jpg,1,0,0,2.932914001576137
file2549.jpg,/mnt/hdd/projects/smile_detection/data/processed/non_smile/file2549.jpg,1,0,1,2.896694997616578
file0377.jpg,/mnt/hdd/projects/smile_detection/data/processed/smile/file0377.jpg,1,1,1,2.853071000572527
file3706.jpg,/mnt/hdd/projects/smile_detection/data/processed/non_smile/file3706.jpg,1,0,0,2.758737999101868
file1300.jpg,/mnt/hdd/projects/smile_detection/data/processed/smile/file1300.jpg,1,1,1,2.7385860012145713
file3761.jpg,/mnt/hdd/projects/smile_detection/data/processed/non_smile/file3761.jpg,1,0,0,2.72502499865368
file1218.jpg,/mnt/hdd/projects/smile_detection/data/processed/smile/file1218.jpg,1,1,1,2.8431009995983914
file1178.jpg,/mnt/hdd/projects/smile_detection/data/processed/smile/file1178.jpg,1,1,1,2.908995000325376
file0666.jpg,/mnt/hdd/projects/smile_detection/data/processed/smile/file0666.jpg,1,1,1,2.933099000074435
file3590.jpg,/mnt/hdd/projects/smile_detection/data/processed/non_smile/file3590.jpg,1,0,0,2.8675670000666287
file3854.jpg,/mnt/hdd/projects/smile_detection/data/processed/non_smile/file3854.jpg,1,0,0,2.860044998669764
file1384.jpg,/mnt/hdd/projects/smile_detection/data/processed/smile/file1384.jpg,1,1,0,2.988806001667399
file2124.jpg,/mnt/hdd/projects/smile_detection/data/processed/smile/file2124.jpg,1,1,1,2.820313999109203
file0519.jpg,/mnt/hdd/projects/smile_detection/data/processed/smile/file0519.jpg,1,1,1,2.806663000228582
file1274.jpg,/mnt/hdd/projects/smile_detection/data/processed/smile/file1274.jpg,1,1,0,2.759450999292312
file0844.jpg,/mnt/hdd/projects/smile_detection/data/processed/smile/file0844.jpg,1,1,1,2.802855997288134
file1636.jpg,/mnt/hdd/projects/smile_detection/data/processed/smile/file1636.jpg,1,1,1,2.8198380023241043
file1852.jpg,/mnt/hdd/projects/smile_detection/data/processed/smile/file1852.jpg,1,1,0,3.25341800271417
file3814.jpg,/mnt/hdd/projects/smile_detection/data/processed/non_smile/file3814.jpg,1,0,0,3.1207850006467197
file1659.jpg,/mnt/hdd/projects/smile_detection/data/processed/smile/file1659.jpg,1,1,1,3.108726999926148
file0976.jpg,/mnt/hdd/projects/smile_detection/data/processed/smile/file0976.jpg,1,1,1,2.9747560001851525
file3329.jpg,/mnt/hdd/projects/smile_detection/data/processed/non_smile/file3329.jpg,1,0,0,3.0644409998785704
file1693.jpg,/mnt/hdd/projects/smile_detection/data/processed/smile/file1693.jpg,1,1,1,3.0813670018687844
file0187.jpg,/mnt/hdd/projects/smile_detection/data/processed/smile/file0187.jpg,1,1,0,2.9608430013468023
file0028.jpg,/mnt/hdd/projects/smile_detection/data/processed/smile/file0028.jpg,1,1,1,2.8820719999202993
file2158.jpg,/mnt/hdd/projects/smile_detection/data/processed/smile/file2158.jpg,1,1,0,2.8969400009373203
file0898.jpg,/mnt/hdd/projects/smile_detection/data/processed/smile/file0898.jpg,1,1,1,2.8471329969761427
file2898.jpg,/mnt/hdd/projects/smile_detection/data/processed/non_smile/file2898.jpg,1,0,1,2.9095089994370937
file3586.jpg,/mnt/hdd/projects/smile_detection/data/processed/non_smile/file3586.jpg,1,0,0,3.1070969998836517
file3890.jpg,/mnt/hdd/projects/smile_detection/data/processed/non_smile/file3890.jpg,1,0,0,2.916737998020835
file0153.jpg,/mnt/hdd/projects/smile_detection/data/processed/smile/file0153.jpg,1,1,1,2.8945379999640863
file0834.jpg,/mnt/hdd/projects/smile_detection/data/processed/smile/file0834.jpg,1,1,1,2.836248000676278
file1262.jpg,/mnt/hdd/projects/smile_detection/data/processed/smile/file1262.jpg,1,1,1,2.8053109999746084
file2696.jpg,/mnt/hdd/projects/smile_detection/data/processed/non_smile/file2696.jpg,1,0,1,2.8148380006314255
file1226.jpg,/mnt/hdd/projects/smile_detection/data/processed/smile/file1226.jpg,1,1,1,2.8937300012330525
file2001.jpg,/mnt/hdd/projects/smile_detection/data/processed/smile/file2001.jpg,1,1,1,2.9091729993524496
file1674.jpg,/mnt/hdd/projects/smile_detection/data/processed/smile/file1674.jpg,1,1,1,2.999181997438427
file0692.jpg,/mnt/hdd/projects/smile_detection/data/processed/smile/file0692.jpg,1,1,1,3.212625000742264
file0978.jpg,/mnt/hdd/projects/smile_detection/data/processed/smile/file0978.jpg,1,1,1,2.8253189993847627
file1474.jpg,/mnt/hdd/projects/smile_detection/data/processed/smile/file1474.jpg,1,1,1,3.0628809981863014
file2022.jpg,/mnt/hdd/projects/smile_detection/data/processed/smile/file2022.jpg,1,1,1,3.0492309997498523
file1685.jpg,/mnt/hdd/projects/smile_detection/data/processed/smile/file1685.jpg,1,1,1,2.988302003359422
file2819.jpg,/mnt/hdd/projects/smile_detection/data/processed/non_smile/file2819.jpg,1,0,0,2.8643320001719985
file2780.jpg,/mnt/hdd/projects/smile_detection/data/processed/non_smile/file2780.jpg,1,0,0,2.9242000018712133
file3212.jpg,/mnt/hdd/projects/smile_detection/data/processed/non_smile/file3212.jpg,1,0,1,3.0059589989832602
file3155.jpg,/mnt/hdd/projects/smile_detection/data/processed/non_smile/file3155.jpg,1,0,0,2.931656999862753
file1639.jpg,/mnt/hdd/projects/smile_detection/data/processed/smile/file1639.jpg,1,1,0,2.906268997321604
file3894.jpg,/mnt/hdd/projects/smile_detection/data/processed/non_smile/file3894.jpg,1,0,0,2.914680000685621
file1651.jpg,/mnt/hdd/projects/smile_detection/data/processed/smile/file1651.jpg,1,1,1,3.070635000767652
file3358.jpg,/mnt/hdd/projects/smile_detection/data/processed/non_smile/file3358.jpg,1,0,0,3.2490510020579677
file0958.jpg,/mnt/hdd/projects/smile_detection/data/processed/smile/file0958.jpg,1,1,1,3.1110180025279988
file3798.jpg,/mnt/hdd/projects/smile_detection/data/processed/non_smile/file3798.jpg,1,0,0,3.001922003022628
file2432.jpg,/mnt/hdd/projects/smile_detection/data/processed/non_smile/file2432.jpg,1,0,0,2.9435260003083386
file1449.jpg,/mnt/hdd/projects/smile_detection/data/processed/smile/file1449.jpg,1,1,1,3.077267996559385
file1101.jpg,/mnt/hdd/projects/smile_detection/data/processed/smile/file1101.jpg,1,1,1,3.010054999322165
file0635.jpg,/mnt/hdd/projects/smile_detection/data/processed/smile/file0635.jpg,1,1,1,2.9113050004525576
file1467.jpg,/mnt/hdd/projects/smile_detection/data/processed/smile/file1467.jpg,1,1,1,2.908012000261806
file1894.jpg,/mnt/hdd/projects/smile_detection/data/processed/smile/file1894.jpg,1,1,1,2.8192699974169955
file1675.jpg,/mnt/hdd/projects/smile_detection/data/processed/smile/file1675.jpg,1,1,1,2.78237099701073
file2369.jpg,/mnt/hdd/projects/smile_detection/data/processed/non_smile/file2369.jpg,1,0,0,2.9171759997552726
file1359.jpg,/mnt/hdd/projects/smile_detection/data/processed/smile/file1359.jpg,1,1,0,2.9863859999750275
file3661.jpg,/mnt/hdd/projects/smile_detection/data/processed/non_smile/file3661.jpg,1,0,1,2.955634998215828
file3322.jpg,/mnt/hdd/projects/smile_detection/data/processed/non_smile/file3322.jpg,1,0,0,2.845859002263751
file3442.jpg,/mnt/hdd/projects/smile_detection/data/processed/non_smile/file3442.jpg,1,0,0,2.732007997110486
file2374.jpg,/mnt/hdd/projects/smile_detection/data/processed/non_smile/file2374.jpg,1,0,0,2.7799870003946126
file0868.jpg,/mnt/hdd/projects/smile_detection/data/processed/smile/file0868.jpg,1,1,1,2.708964002522407
file0144.jpg,/mnt/hdd/projects/smile_detection/data/processed/smile/file0144.jpg,1,1,1,2.9359479995036963
file0609.jpg,/mnt/hdd/projects/smile_detection/data/processed/smile/file0609.jpg,1,1,1,2.826294999977108
file1404.jpg,/mnt/hdd/projects/smile_detection/data/processed/smile/file1404.jpg,1,1,1,2.8943450015503913
file3413.jpg,/mnt/hdd/projects/smile_detection/data/processed/non_smile/file3413.jpg,1,0,0,2.7403280000726227
file3251.jpg,/mnt/hdd/projects/smile_detection/data/processed/non_smile/file3251.jpg,1,0,0,2.768946000287542
file3218.jpg,/mnt/hdd/projects/smile_detection/data/processed/non_smile/file3218.jpg,1,0,0,2.943309002148453
file1385.jpg,/mnt/hdd/projects/smile_detection/data/processed/smile/file1385.jpg,1,1,1,3.0090830005065072
file2485.jpg,/mnt/hdd/projects/smile_detection/data/processed/non_smile/file2485.jpg,1,0,0,2.8550600000016857
file1150.jpg,/mnt/hdd/projects/smile_detection/data/processed/smile/file1150.jpg,1,1,1,2.807546999974875
file1593.jpg,/mnt/hdd/projects/smile_detection/data/processed/smile/file1593.jpg,1,1,0,2.969704997667577
file3390.jpg,/mnt/hdd/projects/smile_detection/data/processed/non_smile/file3390.jpg,1,0,0,2.8894470015075058
file0386.jpg,/mnt/hdd/projects/smile_detection/data/processed/smile/file0386.jpg,1,1,1,3.0924180027795956
file3070.jpg,/mnt/hdd/projects/smile_detection/data/processed/non_smile/file3070.jpg,1,0,0,3.0094440007815138
file0700.jpg,/mnt/hdd/projects/smile_detection/data/processed/smile/file0700.jpg,1,1,1,2.9549610007961746
file2655.jpg,/mnt/hdd/projects/smile_detection/data/processed/non_smile/file2655.jpg,1,0,0,2.9182859980210196
file3572.jpg,/mnt/hdd/projects/smile_detection/data/processed/non_smile/file3572.jpg,1,0,0,2.7932539996982086
file1249.jpg,/mnt/hdd/projects/smile_detection/data/processed/smile/file1249.jpg,1,1,1,2.812456001265673
file0448.jpg,/mnt/hdd/projects/smile_detection/data/processed/smile/file0448.jpg,1,1,1,2.8456079999159556
file0473.jpg,/mnt/hdd/projects/smile_detection/data/processed/smile/file0473.jpg,1,1,1,2.898104998166673
file1781.jpg,/mnt/hdd/projects/smile_detection/data/processed/smile/file1781.jpg,1,1,1,2.9154290023143403
file3775.jpg,/mnt/hdd/projects/smile_detection/data/processed/non_smile/file3775.jpg,1,0,0,2.83773300179746
file2008.jpg,/mnt/hdd/projects/smile_detection/data/processed/smile/file2008.jpg,1,1,1,2.832325000781566
file2764.jpg,/mnt/hdd/projects/smile_detection/data/processed/non_smile/file2764.jpg,1,0,0,2.7614860009634867
file1254.jpg,/mnt/hdd/projects/smile_detection/data/processed/smile/file1254.jpg,1,1,1,2.931614002591232
file2673.jpg,/mnt/hdd/projects/smile_detection/data/processed/non_smile/file2673.jpg,1,0,0,2.857455998309888
file2122.jpg,/mnt/hdd/projects/smile_detection/data/processed/smile/file2122.jpg,1,1,1,2.8439719972084276
file0036.jpg,/mnt/hdd/projects/smile_detection/data/processed/smile/file0036.jpg,1,1,0,2.798743997118436
file3393.jpg,/mnt/hdd/projects/smile_detection/data/processed/non_smile/file3393.jpg,1,0,1,2.7855219996126834
file1463.jpg,/mnt/hdd/projects/smile_detection/data/processed/smile/file1463.jpg,1,1,1,2.8837089994340204
file2607.jpg,/mnt/hdd/projects/smile_detection/data/processed/non_smile/file2607.jpg,1,0,0,2.778338999632979
file0807.jpg,/mnt/hdd/projects/smile_detection/data/processed/smile/file0807.jpg,1,1,1,2.6696850000007544
file0131.jpg,/mnt/hdd/projects/smile_detection/data/processed/smile/file0131.jpg,1,1,1,2.689029999601189
file1729.jpg,/mnt/hdd/projects/smile_detection/data/processed/smile/file1729.jpg,1,1,1,2.8824439978052396
file0355.jpg,/mnt/hdd/projects/smile_detection/data/processed/smile/file0355.jpg,1,1,0,2.8656300019065384
file3874.jpg,/mnt/hdd/projects/smile_detection/data/processed/non_smile/file3874.jpg,1,0,0,3.1465380016015843
file2964.jpg,/mnt/hdd/projects/smile_detection/data/processed/non_smile/file2964.jpg,1,0,0,2.959986999485409
file2290.jpg,/mnt/hdd/projects/smile_detection/data/processed/non_smile/file2290.jpg,1,0,1,2.8620369994314387
file1409.jpg,/mnt/hdd/projects/smile_detection/data/processed/smile/file1409.jpg,1,1,1,2.829242999723647
file2321.jpg,/mnt/hdd/projects/smile_detection/data/processed/non_smile/file2321.jpg,1,0,0,2.8309360022831243
file1730.jpg,/mnt/hdd/projects/smile_detection/data/processed/smile/file1730.jpg,1,1,1,2.730399002757622
file0313.jpg,/mnt/hdd/projects/smile_detection/data/processed/smile/file0313.jpg,1,1,1,2.9225519974716008
file3034.jpg,/mnt/hdd/projects/smile_detection/data/processed/non_smile/file3034.jpg,1,0,0,2.8857369979959913
file1051.jpg,/mnt/hdd/projects/smile_detection/data/processed/smile/file1051.jpg,1,1,1,2.833698999893386
file2749.jpg,/mnt/hdd/projects/smile_detection/data/processed/non_smile/file2749.jpg,1,0,0,2.763767002761597
file2138.jpg,/mnt/hdd/projects/smile_detection/data/processed/smile/file2138.jpg,1,1,1,2.8173060018161777
file1290.jpg,/mnt/hdd/projects/smile_detection/data/processed/smile/file1290.jpg,1,1,1,2.8669320017797872
file3928.jpg,/mnt/hdd/projects/smile_detection/data/processed/non_smile/file3928.jpg,1,0,1,2.9232090018922463
file2186.jpg,/mnt/hdd/projects/smile_detection/data/processed/non_smile/file2186.jpg,1,0,0,2.8738619985233527
file1367.jpg,/mnt/hdd/projects/smile_detection/data/processed/smile/file1367.jpg,1,1,1,2.8289010006119497
file0741.jpg,/mnt/hdd/projects/smile_detection/data/processed/smile/file0741.jpg,1,1,1,2.747103000729112
file0588.jpg,/mnt/hdd/projects/smile_detection/data/processed/smile/file0588.jpg,1,1,1,2.698827000131132
file0019.jpg,/mnt/hdd/projects/smile_detection/data/processed/smile/file0019.jpg,1,1,1,2.9360250009631272
file2422.jpg,/mnt/hdd/projects/smile_detection/data/processed/non_smile/file2422.jpg,1,0,0,2.8823009997722693
file3605.jpg,/mnt/hdd/projects/smile_detection/data/processed/non_smile/file3605.jpg,1,0,1,2.8245650028111413
file2386.jpg,/mnt/hdd/projects/smile_detection/data/processed/non_smile/file2386.jpg,1,0,0,2.8128869998909067
file3609.jpg,/mnt/hdd/projects/smile_detection/data/processed/non_smile/file3609.jpg,1,0,0,3.0160959977365565
file2922.jpg,/mnt/hdd/projects/smile_detection/data/processed/non_smile/file2922.jpg,1,0,0,2.9446679982356727
file3044.jpg,/mnt/hdd/projects/smile_detection/data/processed/non_smile/file3044.jpg,1,0,0,3.046034002181841
file2315.jpg,/mnt/hdd/projects/smile_detection/data/processed/non_smile/file2315.jpg,1,0,0,2.861570999812102
file3763.jpg,/mnt/hdd/projects/smile_detection/data/processed/non_smile/file3763.jpg,1,0,0,2.910366001742659
file0493.jpg,/mnt/hdd/projects/smile_detection/data/processed/smile/file0493.jpg,1,1,1,2.9233999994175974
file2507.jpg,/mnt/hdd/projects/smile_detection/data/processed/non_smile/file2507.jpg,1,0,0,2.921085000707535
file0043.jpg,/mnt/hdd/projects/smile_detection/data/processed/smile/file0043.jpg,1,1,1,3.0911350004316773
file0115.jpg,/mnt/hdd/projects/smile_detection/data/processed/smile/file0115.jpg,1,1,0,2.919988000940066
file0312.jpg,/mnt/hdd/projects/smile_detection/data/processed/smile/file0312.jpg,1,1,1,2.8692570012935903
file1400.jpg,/mnt/hdd/projects/smile_detection/data/processed/smile/file1400.jpg,1,1,1,2.7826590012409724
file0066.jpg,/mnt/hdd/projects/smile_detection/data/processed/smile/file0066.jpg,2,1,0,2.304834000824485
file0320.jpg,/mnt/hdd/projects/smile_detection/data/processed/smile/file0320.jpg,2,1,0,2.187197998864576
file0419.jpg,/mnt/hdd/projects/smile_detection/data/processed/smile/file0419.jpg,2,1,0,2.3013869977148715
file0577.jpg,/mnt/hdd/projects/smile_detection/data/processed/smile/file0577.jpg,2,1,0,2.382039001531666
file0678.jpg,/mnt/hdd/projects/smile_detection/data/processed/smile/file0678.jpg,2,1,0,2.3076710021996405
file0746.jpg,/mnt/hdd/projects/smile_detection/data/processed/smile/file0746.jpg,2,1,0,2.237070999399293
file0970.jpg,/mnt/hdd/projects/smile_detection/data/processed/smile/file0970.jpg,3,1,0,2.2949409976718016
file1073.jpg,/mnt/hdd/projects/smile_detection/data/processed/smile/file1073.jpg,2,1,0,2.2328220002236776
file1165.jpg,/mnt/hdd/projects/smile_detection/data/processed/smile/file1165.jpg,2,1,0,2.2600010015594307
file1414.jpg,/mnt/hdd/projects/smile_detection/data/processed/smile/file1414.jpg,2,1,0,2.263165999465855
file1434.jpg,/mnt/hdd/projects/smile_detection/data/processed/smile/file1434.jpg,2,1,0,2.2331239997583907
file1561.jpg,/mnt/hdd/projects/smile_detection/data/processed/smile/file1561.jpg,2,1,0,2.2815929987700656
file1582.jpg,/mnt/hdd/projects/smile_detection/data/processed/smile/file1582.jpg,2,1,0,2.244624000013573
file1688.jpg,/mnt/hdd/projects/smile_detection/data/processed/smile/file1688.jpg,2,1,0,2.1554319973802194
file1690.jpg,/mnt/hdd/projects/smile_detection/data/processed/smile/file1690.jpg,3,1,0,2.275715996802319
file1705.jpg,/mnt/hdd/projects/smile_detection/data/processed/smile/file1705.jpg,2,1,0,2.2804010004620068
file1753.jpg,/mnt/hdd/projects/smile_detection/data/processed/smile/file1753.jpg,2,1,0,2.3713979971944354
file1870.jpg,/mnt/hdd/projects/smile_detection/data/processed/smile/file1870.jpg,2,1,0,2.2373610008799005
file2043.jpg,/mnt/hdd/projects/smile_detection/data/processed/smile/file2043.jpg,2,1,0,2.285116002894938
file2070.jpg,/mnt/hdd/projects/smile_detection/data/processed/smile/file2070.jpg,2,1,0,2.28260199946817
file2682.jpg,/mnt/hdd/projects/smile_detection/data/processed/non_smile/file2682.jpg,2,0,0,2.2110639984020963
file2805.jpg,/mnt/hdd/projects/smile_detection/data/processed/non_smile/file2805.jpg,2,0,0,2.2439250024035573
file3230.jpg,/mnt/hdd/projects/smile_detection/data/processed/non_smile/file3230.jpg,2,0,0,2.3021979977784213
file3612.jpg,/mnt/hdd/projects/smile_detection/data/processed/non_smile/file3612.jpg,2,0,0,2.363216000958346
file3636.jpg,/mnt/hdd/projects/smile_detection/data/processed/non_smile/file3636.jpg,2,0,0,2.3201069998322055
file3753.jpg,/mnt/hdd/projects/smile_detection/data/processed/non_smile/file3753.jpg,2,0,0,2.3334939978667535
file3895.jpg,/mnt/hdd/projects/smile_detection/data/processed/non_smile/file3895.jpg,2,0,0,2.382091999606928
file3905.jpg,/mnt/hdd/projects/smile_detection/data/processed/non_smile/file3905.jpg,2,0,0,2.211409999290481
